Author,Author (author),Book / ebook,Book title (read),City,Country,Country (country mapping),Country born,Country mapping,English book title,Favourite,Gender,Language,Paded,State,Vizside,Year,Year born,% Others ratings,Index,Number of pages,Number of Records,Others converted,Stars,ToPad
Agatha Christie,Agatha Christie,Book,Tíz kicsi néger,Torquay,United Kingdom,United Kingdom,United Kingdom,UK,And Then There Were None,No,Female,Hungarian,1,,Gender,2011,1890,95,1,230,1,4.75,5,1
Agatha Christie,Agatha Christie,Book,Az Ackroyd-gyilkosság,Torquay,United Kingdom,United Kingdom,United Kingdom,UK,The Murder of Roger Ackroyd,No,Female,Hungarian,1,,Gender,2015,1890,93,2,328,1,4.65,4,1
Agatha Christie,Agatha Christie,Book,Gyilkosság az Orient Expressen,Torquay,United Kingdom,United Kingdom,United Kingdom,UK,Murder on the Orient Express,No,Female,Hungarian,1,,Gender,2017,1890,94,3,264,1,4.7,5,1
Agatha Christie,Agatha Christie,Ebook,Az ABC-gyilkosságok,Torquay,United Kingdom,United Kingdom,United Kingdom,UK,The ABC Murders,No,Female,Hungarian,1,,Gender,2018,1890,90,4,292,1,4.5,4,1
Albert - László Barabási,Albert - László Barabási,Book,Villanások,Cârța,Romania,Romania,Romania,Europe other,Bursts,No,Male,Hungarian,1,Hargitha,Gender,2010,1967,76,5,336,1,3.8,2.5,1
Alberto Moravia,Alberto Moravia,Book,Az unalom,Rome,Italy,Italy,Italy,Europe other,Boredom,Yes,Male,Hungarian,1,,Gender,2011,1907,82,6,334,1,4.1,5,1
Alberto Moravia,Alberto Moravia,Book,A leselkedő,Rome,Italy,Italy,Italy,Europe other,The Voyeur,No,Male,Hungarian,1,,Gender,2012,1907,84,7,236,1,4.2,4,1
Alberto Moravia,Alberto Moravia,Ebook,A megvetés,Rome,Italy,Italy,Italy,Europe other,Contempt,No,Male,Hungarian,1,,Gender,2016,1907,81,8,246,1,4.05,3,1
Alessandro Baricco,Alessandro Baricco,Ebook,Selyem,Turin,Italy,Italy,Italy,Europe other,Silk,No,Male,Hungarian,1,,Gender,2017,1958,85,9,104,1,4.25,4,1
Alexandre Dumas,Alexandre Dumas,Book,Monte Cristo grófja,Villers-Cotterêts,France,France,France,France,The Count of Monte Cristo,Yes,Male,Hungarian,1,,Gender,2012,1870,94,10,1042,1,4.7,5,1
Alinda Veiszer,Alinda Veiszer,Book,Bridge generáció,Budapest,Hungary,Hungary,Hungary,Hungary,Bridge Generation,No,Female,Hungarian,1,,Gender,2014,1980,81,11,200,1,4.05,4.5,1
Amy Schumer,Amy Schumer,Ebook,The ​Girl with the Lower Back Tattoo,New York,USA,USA,USA,USA,The ​Girl with the Lower Back Tattoo,No,Female,English,1,New York,Gender,2016,1981,83,12,320,1,4.15,5,1
András Cserna-Szabó,András Cserna-Szabó,Ebook,Puszibolt,Szentes,Hungary,Hungary,Hungary,Hungary,-,No,Male,Hungarian,1,,Gender,2014,1974,84,13,262,1,4.2,4,1
André Aciman,André Aciman,Book,Szólíts a neveden,Alexandria,Egypt,Egypt,Egypt,World other,Call Me by Your Name,No,Male,Hungarian,1,,Gender,2018,1951,84,14,304,1,4.2,3.5,1
Anna Gavalda,Anna Gavalda,Book,Együtt lehetnénk,Boulogne-Billancourt,France,France,France,France,Hunting and Gathering,No,Female,Hungarian,1,,Gender,2010,1970,91,15,628,1,4.55,3.5,1
Anna Szabó T.,Anna Szabó T.,Ebook,Törésteszt,Cluj-Napoca,Romania,Romania,Romania,Europe other,-,No,Female,Hungarian,1,,Gender,2017,1972,81,16,248,1,4.05,3.5,1
Antal Szerb,Antal Szerb,Book,Utas és holdvilág,Budapest,Hungary,Hungary,Hungary,Hungary,Journey by Moonlight,No,Male,Hungarian,1,,Gender,2011,1901,90,17,392,1,4.5,4.5,1
Antal Szerb,Antal Szerb,Ebook,A Pendragon legenda,Budapest,Hungary,Hungary,Hungary,Hungary,The Pendragon Legend,No,Male,Hungarian,1,,Gender,2013,1901,83,18,278,1,4.15,4,1
Attila Bartis,Attila Bartis,Book,Nyugalom,Târgu Mureș,Romania,Romania,Romania,Europe other,Tranquility,Yes,Male,Hungarian,1,,Gender,2012,1968,89,19,326,1,4.45,5,1
Attila Bartis,Attila Bartis,Book,A vége,Târgu Mureș,Romania,Romania,Romania,Europe other,-,Yes,Male,Hungarian,1,,Gender,2015,1968,94,20,600,1,4.7,5,1
Attila Bartis,Attila Bartis,Book,A vége,Târgu Mureș,Romania,Romania,Romania,Europe other,-,Yes,Male,Hungarian,1,,Gender,2016,1968,94,21,600,1,4.7,5,1
Attila Bartis,Attila Bartis,Ebook,A kéklő pára,Târgu Mureș,Romania,Romania,Romania,Europe other,-,No,Male,Hungarian,1,,Gender,2016,1968,84,22,110,1,4.2,4.5,1
Audrey Niffenegger,Audrey Niffenegger,Book,The ​Time Traveler's Wife,South Haven,USA,USA,USA,USA,The ​Time Traveler's Wife,Yes,Female,English,1,Michigan,Gender,2010,1963,85,24,616,1,4.25,5,1
Audrey Niffenegger,Audrey Niffenegger,Book,Her ​Fearful Symmetry,South Haven,USA,USA,USA,USA,Her ​Fearful Symmetry,No,Female,English,1,Michigan,Gender,2010,1963,82,25,486,1,4.1,5,1
Avery Corman,Avery Corman,Book,Kramer kontra Kramer,New York,USA,USA,USA,USA,Kramer vs. Kramer,No,Male,Hungarian,1,New York,Gender,2010,1935,85,26,254,1,4.25,4.5,1
Aziz Ansari,Aziz Ansari,Ebook,Modern Romance,Columbia,USA,USA,USA,USA,Modern Romance,No,Male,English,1,South Carolina,Gender,2018,1983,84,27,278,1,4.2,4,1
Balázs Lévai,Balázs Lévai,Ebook,Lovasi,Budapest,Hungary,Hungary,Hungary,Hungary,-,No,Male,Hungarian,1,,Gender,2019,1968,91,28,432,1,4.55,5,1
Bernhard Schlink,Bernhard Schlink,Ebook,The Reader,Großdornberg,Germany,Germany,Germany,Europe other,The Reader,No,Male,English,1,,Gender,2016,1944,82,29,216,1,4.1,4,1
Bohumil Hrabal,Bohumil Hrabal,Book,Őfelsége pincére voltam,Brno,Czech Republic,Czech Republic,Czech Republic,Europe other,I Served the King of England,No,Male,Hungarian,1,,Gender,2013,1914,90,30,270,1,4.5,4,1
Bohumil Hrabal,Bohumil Hrabal,Book,Sörgyári capriccio,Brno,Czech Republic,Czech Republic,Czech Republic,Europe other,Cutting It Short,No,Male,Hungarian,1,,Gender,2014,1914,85,31,138,1,4.25,4,1
Bohumil Hrabal,Bohumil Hrabal,Ebook,Táncórák idősebbeknek és haladóknak,Brno,Czech Republic,Czech Republic,Czech Republic,Europe other,Dancing Lessons for the Advanced in Age,No,Male,Hungarian,1,,Gender,2016,1914,83,32,104,1,4.15,4,1
Boris Vian,Boris Vian,Ebook,Tajtékos napok,Ville-d'Avray,France,France,France,France,Foam of the Days,No,Male,Hungarian,1,,Gender,2012,1920,84,33,260,1,4.2,3.5,1
Bret Easton Ellis,Bret Easton Ellis,Ebook,Nullánál is kevesebb,Los Angeles,USA,USA,USA,USA,Less than Zero,No,Male,Hungarian,1,California,Gender,2012,1964,78,34,212,1,3.9,4,1
Catana Chetwynd,Catana Chetwynd,Ebook,Little Moments of Love,Saratoga,USA,USA,USA,USA,Little Moments of Love,No,Female,English,1,New York,Gender,2018,1994,96,35,160,1,4.8,5,1
Charles Webb,Charles Webb,Ebook,The Graduate,San Francisco,USA,USA,USA,USA,The Graduate,No,Male,English,1,California,Gender,2013,1939,65,36,272,1,3.25,4,1
Charlotte Brontë,Charlotte Brontë,Book,Jane Eyre,Thornton,United Kingdom,United Kingdom,United Kingdom,UK,Jane Eyre,No,Female,Hungarian,1,,Gender,2013,1816,92,37,450,1,4.6,4,1
Choderlos de Laclos,Choderlos de Laclos,Book,Veszedelmes viszonyok,Amiens,France,France,France,France,Dangerous liaisons,No,Male,Hungarian,1,,Gender,2012,1741,91,38,490,1,4.55,4.5,1
Christopher Moore,Christopher Moore,Ebook,Mocskos meló,Toledo,USA,USA,USA,USA,A Dirty Job,No,Male,Hungarian,1,Ohio,Gender,2013,1957,87,39,322,1,4.35,3.5,1
Daniel Keyes,Daniel Keyes,Ebook,Virágot Algernonnak,New York,USA,USA,USA,USA,Flowers for Algernon,No,Male,Hungarian,1,New York,Gender,2019,1927,95,40,254,1,4.75,4.5,1
Dániel Varró,Dániel Varró,Book,Szívdesszert,Budapest,Hungary,Hungary,Hungary,Hungary,-,No,Male,Hungarian,1,,Gender,2016,1977,90,41,92,1,4.5,4.5,1
Dániel Varró,Dániel Varró,Book,Mi lett hova?,Budapest,Hungary,Hungary,Hungary,Hungary,-,No,Male,Hungarian,1,,Gender,2016,1977,91,42,110,1,4.55,4,1
Daphne du Maurier,Daphne du Maurier,Ebook,A Manderley-ház asszonya,London,United Kingdom,United Kingdom,United Kingdom,UK,Rebecca,No,Female,Hungarian,1,,Gender,2018,1907,91,43,442,1,4.55,5,1
Dénes Krusovszky,Dénes Krusovszky,Ebook,Akik már nem leszünk sosem,Debrecen,Hungary,Hungary,Hungary,Hungary,-,No,Male,Hungarian,1,,Gender,2018,1982,89,44,544,1,4.45,4,1
Dezső Kosztolányi,Dezső Kosztolányi,Ebook,Esti Kornél,Subotica,Serbia,Serbia,Serbia,Europe other,-,No,Male,Hungarian,1,,Gender,2012,1886,89,45,234,1,4.45,4.5,1
Donna Tartt,Donna Tartt,Book,Az Aranypinty,Greenwood,USA,USA,USA,USA,The Goldfinch,No,Female,Hungarian,1,Mississippi,Gender,2017,1963,86,46,798,1,4.3,4.5,1
Donna Tartt,Donna Tartt,Book,A titkos történet,Greenwood,USA,USA,USA,USA,The Secret History,No,Female,Hungarian,1,Mississippi,Gender,2018,1963,85,47,486,1,4.25,4,1
Edward Albee,Edward Albee,Book,Nem félünk a farkastól,Washington D.C.,USA,USA,USA,USA,Who's Afraid of Virginia Woolf?,Yes,Male,Hungarian,1,Virginia,Gender,2011,1928,87,48,150,1,4.35,5,1
Elena Ferrante,Elena Ferrante,Book,Briliáns barátnőm,Naples,Italy,Italy,Italy,Europe other,My Brilliant Friend,No,Female,Hungarian,1,,Gender,2017,1943,90,49,338,1,4.5,4,1
Elena Ferrante,Elena Ferrante,Book,Az új név története,Naples,Italy,Italy,Italy,Europe other,The Story of a New Name,Yes,Female,Hungarian,1,,Gender,2017,1943,96,50,488,1,4.8,5,1
Elizabeth Wurtzel,Elizabeth Wurtzel,Book,Prozac-ország,New York,USA,USA,USA,USA,Prozac Nation,No,Female,Hungarian,1,New York,Gender,2014,1967,83,51,488,1,4.15,5,1
Émile Ajar,Émile Ajar,Ebook,Előttem az élet,Vilnius,Lithuania,Lithuania,Lithuania,Europe other,Momo,No,Male,Hungarian,1,,Gender,2012,1914,93,52,236,1,4.65,5,1
Émile Zola,Émile Zola,Book,Nana,Paris,France,France,France,France,Nana,No,Male,Hungarian,1,,Gender,2009,1840,77,53,514,1,3.85,3.5,1
Émile Zola,Émile Zola,Book,A Patlányfogó,Paris,France,France,France,France,The Dram Shop,No,Male,Hungarian,1,,Gender,2010,1840,89,54,438,1,4.45,5,1
Émile Zola,Émile Zola,Book,Állat az emberben,Paris,France,France,France,France,The Beast Within,No,Male,Hungarian,1,,Gender,2011,1840,88,55,334,1,4.4,5,1
Émile Zola,Émile Zola,Ebook,Hölgyek öröme,Paris,France,France,France,France,The Ladies' Paradise,No,Male,Hungarian,1,,Gender,2012,1840,89,56,534,1,4.45,4.5,1
Emily Brontë,Emily Brontë,Book,Üvöltő szelek,Thornton,United Kingdom,United Kingdom,United Kingdom,UK,Wuthering Heights,Yes,Female,Hungarian,1,,Gender,2010,1818,84,57,334,1,4.2,5,1
Erland Loe,Erland Loe,Ebook,Doppler,Trondheim,Norway,Norway,Norway,Europe other,Doppler,No,Male,Hungarian,1,,Gender,2018,1969,86,58,192,1,4.3,4,1
Ernest Hemingway,Ernest Hemingway,Book,Fiesta: The Sun Also Rises,Oak Park,USA,USA,USA,USA,Fiesta: The Sun Also Rises,Yes,Male,English,1,Illinois,Gender,2011,1899,78,59,252,1,3.9,5,1
Ernest Hemingway,Ernest Hemingway,Ebook,Vándorünnep,Oak Park,USA,USA,USA,USA,Moveable Feast,No,Male,Hungarian,1,Illinois,Gender,2016,1899,88,60,236,1,4.4,4.5,1
Ernő Szív,Ernő Szív,Book,Összegyűjtött szerelmeim,Törökszentmiklós,Hungary,Hungary,Hungary,Hungary,-,No,Male,Hungarian,1,,Gender,2013,1962,85,61,294,1,4.25,4.5,1
F. Scott Fitzgerald,F. Scott Fitzgerald,Book,A ​nagy Gatsby,Saint Paul,USA,USA,USA,USA,The Great Gatsby,No,Male,Hungarian,1,Minnesota,Gender,2011,1896,83,62,164,1,4.15,5,1
F. Scott Fitzgerald,F. Scott Fitzgerald,Book,Az éj szelíd trónján,Saint Paul,USA,USA,USA,USA,Tender Is the Night,Yes,Male,Hungarian,1,Minnesota,Gender,2011,1896,82,63,464,1,4.1,5,1
F. Scott Fitzgerald,F. Scott Fitzgerald,Book,Szépek és átkozottak,Saint Paul,USA,USA,USA,USA,The Beautiful and Damned,No,Male,Hungarian,1,Minnesota,Gender,2011,1896,85,64,576,1,4.25,4,1
F. Scott Fitzgerald,F. Scott Fitzgerald,Book,The Great Gatsby,Saint Paul,USA,USA,USA,USA,The Great Gatsby,No,Male,English,1,Minnesota,Gender,2012,1896,85,65,168,1,4.25,4.5,1
F. Scott Fitzgerald,F. Scott Fitzgerald,Book,Az ólomkristály,Saint Paul,USA,USA,USA,USA,Collected short stories,No,Male,Hungarian,1,Minnesota,Gender,2012,1896,82,66,700,1,4.1,4,1
Friedrich Dürrenmatt,Friedrich Dürrenmatt,Book,A fizikusok,Konolfingen,Switzerland,Switzerland,Switzerland,Europe other,The Physisists,No,Male,Hungarian,1,,Gender,2012,1921,90,67,102,1,4.5,4.5,1
Frigyes Karinthy,Frigyes Karinthy,Book,Capillária,Budapest,Hungary,Hungary,Hungary,Hungary,-,No,Male,Hungarian,1,,Gender,2011,1887,80,68,162,1,4,5,1
Gabriel García Márquez,Gabriel García Márquez,Book,Száz év magány,Aracataca,Columbia,Columbia,Columbia,World other,One ​Hundred Years of Solitude,Yes,Male,Hungarian,1,,Gender,2009,1927,88,69,374,1,4.4,5,1
Gabriel García Márquez,Gabriel García Márquez,Book,Szerelem kolera idején,Aracataca,Columbia,Columbia,Columbia,World other,Love in the Time of Cholera,No,Male,Hungarian,1,,Gender,2009,1927,89,70,422,1,4.45,4.5,1
Gabriella Kemény,Gabriella Kemény,Book,Zsebuniverzum,Budapest,Hungary,Hungary,Hungary,Hungary,-,No,Female,Hungarian,1,,Gender,2018,1996,75,71,84,1,3.75,3.5,1
Gemma Correll,Gemma Correll,Book,The Worrier's Guide to Life,Suffolk,United Kingdom,United Kingdom,United Kingdom,UK,The Worrier's Guide to Life,No,Female,English,1,,Gender,2017,1984,90,72,112,1,4.5,4.5,1
George Orwell,George Orwell,Book,1984,Motihari,India,India,India,World other,1984,No,Male,Hungarian,1,,Gender,2011,1903,93,73,374,1,4.65,3,1
George R. R. Martin,George R. R. Martin,Book,Trónok harca,Bayonne,USA,USA,USA,USA,Game of Thrones,No,Male,Hungarian,1,New Jersey,Gender,2012,1948,95,74,926,1,4.75,5,1
Gerald Durrell,Gerald Durrell,Ebook,Családom és egyéb állatfajták,Jamshedpur,India,India,India,World other,My Family and Other Animals,No,Male,Hungarian,1,,Gender,2012,1925,92,75,384,1,4.6,4,1
Graeme Simsion,Graeme Simsion,Book,The Rosie Project,Auckland,New Zealand,New Zealand,New Zealand,World other,The Rosie Project,No,Male,English,1,,Gender,2018,1957,88,76,330,1,4.4,3.5,1
Guy de Maupassant,Guy de Maupassant,Book,A Szépfiú,Château de Miromesnil,France,France,France,France,Bel Ami,No,Male,Hungarian,1,,Gender,2011,1850,86,77,438,1,4.3,4,1
György Dragomán,György Dragomán,Book,Máglya,Târgu Mureș,Romania,Romania,Romania,Europe other,-,No,Male,Hungarian,1,,Gender,2016,1973,90,78,444,1,4.5,4,1
Gyula Krúdy,Gyula Krúdy,Book,Szindbád,Nyíregyháza,Hungary,Hungary,Hungary,Hungary,The Adventures of Sindbad,No,Male,Hungarian,1,,Gender,2017,1878,87,79,320,1,4.35,4.5,1
Hans Rosling,Hans Rosling,Book,Factfulness,Uppsala,Sweden,Sweden,Sweden,Europe other,Factfulness,Yes,Male,English,1,,Gender,2018,1948,91,81,345,1,4.55,5,1
Harper Lee,Harper Lee,Book,Ne bántsátok a feketerigót,Monroeville,USA,USA,USA,USA,To Kill a Mockingbird,No,Female,Hungarian,1,Alabama,Gender,2011,1926,94,82,412,1,4.7,5,1
Harper Lee,Harper Lee,Book,"Menj, állíts őrt!",Monroeville,USA,USA,USA,USA,Go Set a Watchman,No,Female,Hungarian,1,Alabama,Gender,2016,1926,78,83,296,1,3.9,3.5,1
Haruki Murakami,Haruki Murakami,Book,1Q84,Kyoto,Japan,Japan,Japan,World other,1Q84,No,Male,English,1,,Gender,2012,1949,88,84,1320,1,4.4,4.5,1
Herman Koch,Herman Koch,Book,A vacsora,Arnhem,Netherlands,Netherlands,Netherlands,Europe other,The Dinner,No,Male,Hungarian,1,,Gender,2015,1953,80,85,294,1,4,4.5,1
Ingmar Bergman,Ingmar Bergman,Book,Jelenetek ​egy házasságból,Uppsala,Sweden,Sweden,Sweden,Europe other,Scenes from a Marriage,No,Male,Hungarian,1,,Gender,2011,1918,87,86,186,1,4.35,5,1
Ingmar Bergman,Ingmar Bergman,Book,Vasárnapi gyerekek,Uppsala,Sweden,Sweden,Sweden,Europe other,Sunday's Children,No,Male,Hungarian,1,,Gender,2015,1918,90,87,168,1,4.5,4,1
István Csukás,István Csukás,Book,Nyár a szigeten,Kisújszállás,Hungary,Hungary,Hungary,Hungary,-,No,Male,Hungarian,1,,Gender,2011,1936,91,88,242,1,4.55,3.5,1
István Lakatos,István Lakatos,Book,Lencsilány,Budapest,Hungary,Hungary,Hungary,Hungary,-,No,Male,Hungarian,1,,Gender,2019,1980,83,89,56,1,4.15,4.5,1
J. D. Salinger,J. D. Salinger,Book,Zabhegyező,New York,USA,USA,USA,USA,The Catcher in the Rye,Yes,Male,Hungarian,1,New York,Gender,2010,1919,78,90,254,1,3.9,5,1
J. D. Salinger,J. D. Salinger,Book,Franny és Zooey,New York,USA,USA,USA,USA,Franny and Zoey,No,Male,Hungarian,1,New York,Gender,2012,1919,82,91,220,1,4.1,4,1
J. D. Salinger,J. D. Salinger,Book,Magasabbra a tetőt ácsok / Seymour: Bemutatás,New York,USA,USA,USA,USA,"Rise High the Roof Beam, Carpenters / Seymour: An Introduction",No,Male,Hungarian,1,New York,Gender,2013,1919,83,92,262,1,4.15,3.5,1
J. D. Salinger,J. D. Salinger,Book,Kilenc történet,New York,USA,USA,USA,USA,Nine Stories,No,Male,Hungarian,1,New York,Gender,2015,1919,88,93,288,1,4.4,4.5,1
J. D. Salinger,J. D. Salinger,Book,Rozsban a fogó,New York,USA,USA,USA,USA,The Catcher in the Rye,No,Male,Hungarian,1,New York,Gender,2015,1919,86,94,306,1,4.3,4.5,1
J. K. Rowling,J. K. Rowling,Ebook,Harry Potter and the Philosopher's Stone,Yate,United Kingdom,United Kingdom,United Kingdom,UK,Harry Potter and the Philosopher's Stone,No,Female,English,1,,Gender,2012,1965,97,95,320,1,4.85,5,1
J. K. Rowling,J. K. Rowling,Ebook,Harry Potter and the Chamber of Secrets,Yate,United Kingdom,United Kingdom,United Kingdom,UK,Harry Potter and the Chamber of Secrets,No,Female,English,1,,Gender,2012,1965,95,96,252,1,4.75,5,1
J. K. Rowling,J. K. Rowling,Ebook,Harry Potter and the Prisoner of Azkaban,Yate,United Kingdom,United Kingdom,United Kingdom,UK,Harry Potter and the Prisoner of Azkaban,Yes,Female,English,1,,Gender,2012,1965,97,97,318,1,4.85,5,1
J. K. Rowling,J. K. Rowling,Book,Harry Potter and the Goblet of Fire,Yate,United Kingdom,United Kingdom,United Kingdom,UK,Harry Potter and the Goblet of Fire,No,Female,English,1,,Gender,2012,1965,94,98,636,1,4.7,5,1
J. K. Rowling,J. K. Rowling,Book,Harry Potter and the Order of the Phoenix,Yate,United Kingdom,United Kingdom,United Kingdom,UK,Harry Potter and the Order of the Phoenix,No,Female,English,1,,Gender,2012,1965,91,99,766,1,4.55,3.5,1
J. K. Rowling,J. K. Rowling,Book,Harry Potter and the Half-Blood Prince,Yate,United Kingdom,United Kingdom,United Kingdom,UK,Harry Potter and the Half-Blood Prince,No,Female,English,1,,Gender,2012,1965,95,100,608,1,4.75,5,1
J. K. Rowling,J. K. Rowling,Book,Harry Potter and the Deathly Hallows,Yate,United Kingdom,United Kingdom,United Kingdom,UK,Harry Potter and the Deathly Hallows,No,Female,English,1,,Gender,2012,1965,94,101,608,1,4.7,5,1
J. K. Rowling,J. K. Rowling,Book,Átmeneti üresedés,Yate,United Kingdom,United Kingdom,United Kingdom,UK,Casual Vacancy,No,Female,Hungarian,1,,Gender,2012,1965,84,102,574,1,4.2,2,1
J. K. Rowling,J. K. Rowling,Ebook,Harry Potter and the Philosopher's Stone,Yate,United Kingdom,United Kingdom,United Kingdom,UK,Harry Potter and the Philosopher's Stone,No,Female,English,1,,Gender,2017,1965,97,103,320,1,4.85,5,1
J. K. Rowling,J. K. Rowling,Ebook,Harry Potter and the Chamber of Secrets,Yate,United Kingdom,United Kingdom,United Kingdom,UK,Harry Potter and the Chamber of Secrets,No,Female,English,1,,Gender,2017,1965,95,104,252,1,4.75,5,1
J. K. Rowling,J. K. Rowling,Ebook,The Tales of Beedle the Bard,Yate,United Kingdom,United Kingdom,United Kingdom,UK,The Tales of Beedle the Bard,No,Female,English,1,,Gender,2018,1965,89,105,160,1,4.45,4,1
J. K. Rowling,J. K. Rowling,Ebook,Harry Potter and the Prisoner of Azkaban,Yate,United Kingdom,United Kingdom,United Kingdom,UK,Harry Potter and the Prisoner of Azkaban,Yes,Female,English,1,,Gender,2018,1965,97,106,318,1,4.85,5,1
J. K. Rowling,J. K. Rowling,Ebook,Harry Potter and the Goblet of Fire,Yate,United Kingdom,United Kingdom,United Kingdom,UK,Harry Potter and the Goblet of Fire,No,Female,English,1,,Gender,2018,1965,94,107,636,1,4.7,5,1
J. R. R. Tolkien,J. R. R. Tolkien,Book,A Gyűrűk Ura,Bloemfontein,South Africa,South Africa,South Africa,World other,The Lord of the Rings,No,Male,Hungarian,1,,Gender,2015,1892,93,109,1774,1,4.65,4.5,1
Jack Kerouac,Jack Kerouac,Book,Úton,Lowell,USA,USA,USA,USA,On the Road,Yes,Male,Hungarian,1,Massachusetts,Gender,2009,1922,77,110,340,1,3.85,5,1
Jack Kerouac,Jack Kerouac,Book,Úton,Lowell,USA,USA,USA,USA,On the Road,Yes,Male,Hungarian,1,Massachusetts,Gender,2012,1922,82,111,482,1,4.1,4.5,1
Jane Austen,Jane Austen,Ebook,Büszkeség és balítélet,Steventon,United Kingdom,United Kingdom,United Kingdom,UK,Pride and Prejudice,No,Female,Hungarian,1,,Gender,2018,1775,93,112,336,1,4.65,3,1
Jenő Rejtő,Jenő Rejtő,Book,A tizennégy karátos autó,Budapest,Hungary,Hungary,Hungary,Hungary,-,No,Male,Hungarian,1,,Gender,2019,1905,89,113,234,1,4.45,3.5,1
Joanne Harris,Joanne Harris,Book,Csokoládé,Barnsley,United Kingdom,United Kingdom,United Kingdom,UK,Chocolat,No,Female,Hungarian,1,,Gender,2009,1964,86,114,310,1,4.3,5,1
Joanne Harris,Joanne Harris,Book,Partvidékiek,Barnsley,United Kingdom,United Kingdom,United Kingdom,UK,Coastliners,No,Female,Hungarian,1,,Gender,2009,1964,82,115,408,1,4.1,4.5,1
Joanne Harris,Joanne Harris,Book,Szederbor,Barnsley,United Kingdom,United Kingdom,United Kingdom,UK,Blackberry Wine,No,Female,Hungarian,1,,Gender,2009,1964,85,116,340,1,4.25,5,1
Joanne Harris,Joanne Harris,Book,Csokoládécipő,Barnsley,United Kingdom,United Kingdom,United Kingdom,UK,The Lollipop Shoes,No,Female,Hungarian,1,,Gender,2010,1964,86,117,564,1,4.3,3.5,1
Joanne Harris,Joanne Harris,Book,Szent bolondok,Barnsley,United Kingdom,United Kingdom,United Kingdom,UK,Holy Fools,No,Female,Hungarian,1,,Gender,2010,1964,82,118,396,1,4.1,3.5,1
Joanne Harris,Joanne Harris,Book,Rúnajelek,Barnsley,United Kingdom,United Kingdom,United Kingdom,UK,Runemarks,No,Female,Hungarian,1,,Gender,2010,1964,82,119,656,1,4.1,3,1
Joanne Harris,Joanne Harris,Book,Csokoládés barack,Barnsley,United Kingdom,United Kingdom,United Kingdom,UK,Peaches for Monsieur le Curé,No,Female,Hungarian,1,,Gender,2014,1964,90,120,540,1,4.5,4,1
Joanne Harris,Joanne Harris,Ebook,Az epertolvaj,Barnsley,United Kingdom,United Kingdom,United Kingdom,UK,The Strawberry Thief,No,Female,Hungarian,1,,Gender,2019,1964,96,121,436,1,4.8,5,1
John Marrs,John Marrs,Ebook,The One,Northamptonshire,United Kingdom,United Kingdom,United Kingdom,UK,The One,No,Male,English,1,,Gender,2019,,91,122,368,1,4.55,4,1
John Osborne,John Osborne,Book,Dühöngő Ifjúság,London,United Kingdom,United Kingdom,United Kingdom,UK,Look Back in Anger,No,Male,Hungarian,1,,Gender,2013,1929,87,123,110,1,4.35,5,1
John Steinbeck,John Steinbeck,Book,Édentől keletre,Salinas,USA,USA,USA,USA,East of Eden,No,Male,Hungarian,1,California,Gender,2010,1902,94,124,746,1,4.7,5,1
John Steinbeck,John Steinbeck,Book,Egerek és emberek,Salinas,USA,USA,USA,USA,Of Mice and Men,No,Male,Hungarian,1,California,Gender,2011,1902,91,125,102,1,4.55,4.5,1
John Updike,John Updike,Book,Az eastwicki boszorkányok,Reading,USA,USA,USA,USA,The witches of Eastwick,Yes,Male,Hungarian,1,Pennsylvania,Gender,2010,1932,78,126,332,1,3.9,5,1
John Updike,John Updike,Book,Párok,Reading,USA,USA,USA,USA,Couples,Yes,Male,Hungarian,1,Pennsylvania,Gender,2010,1932,82,127,412,1,4.1,5,1
John Updike,John Updike,Book,Nyúlcipő,Reading,USA,USA,USA,USA,"Rabbit, Run",Yes,Male,Hungarian,1,Pennsylvania,Gender,2010,1932,82,128,320,1,4.1,5,1
John Updike,John Updike,Book,Nyúlketrec,Reading,USA,USA,USA,USA,"Rabbit, Redux",No,Male,Hungarian,1,Pennsylvania,Gender,2010,1932,85,129,418,1,4.25,4.5,1
John Updike,John Updike,Book,Gyere hozzám feleségül,Reading,USA,USA,USA,USA,Marry Me,No,Male,Hungarian,1,Pennsylvania,Gender,2011,1932,79,130,286,1,3.95,5,1
John Updike,John Updike,Book,Nyúlháj,Reading,USA,USA,USA,USA,"Rabbit, Rich",Yes,Male,Hungarian,1,Pennsylvania,Gender,2011,1932,88,131,462,1,4.4,5,1
John Updike,John Updike,Book,Nyúlszív,Reading,USA,USA,USA,USA,Rabbit At Rest,Yes,Male,Hungarian,1,Pennsylvania,Gender,2011,1932,91,132,526,1,4.55,5,1
John Updike,John Updike,Book,Nyúlfark,Reading,USA,USA,USA,USA,Rabbit Remembered,No,Male,Hungarian,1,Pennsylvania,Gender,2011,1932,84,133,212,1,4.2,4.5,1
John Updike,John Updike,Book,Brazília,Reading,USA,USA,USA,USA,Brazil,No,Male,Hungarian,1,Pennsylvania,Gender,2011,1932,89,134,270,1,4.45,3,1
John Updike,John Updike,Book,Így látja Roger,Reading,USA,USA,USA,USA,Roger's Version,No,Male,Hungarian,1,Pennsylvania,Gender,2012,1932,84,135,322,1,4.2,4,1
John Updike,John Updike,Book,Nyúlcipő,Reading,USA,USA,USA,USA,"Rabbit, Run",Yes,Male,Hungarian,1,Pennsylvania,Gender,2019,1932,82,136,320,1,4.1,5,1
Jojo Moyes,Jojo Moyes,Book,Mielőtt megismertelek,Maidstone,United Kingdom,United Kingdom,United Kingdom,UK,Me Before You,No,Female,Hungarian,1,,Gender,2018,1969,95,137,484,1,4.75,4,1
Jon Krakauer,Jon Krakauer,Book,Út a vadonba,Brookline,USA,USA,USA,USA,Into the wild,No,Male,Hungarian,1,Massachusetts,Gender,2010,1954,83,138,200,1,4.15,5,1
Jonathan Franzen,Jonathan Franzen,Book,Javítások,Western Springs,USA,USA,USA,USA,Corrections,No,Male,Hungarian,1,Illinois,Gender,2013,1959,91,139,632,1,4.55,4.5,1
Jonathan Franzen,Jonathan Franzen,Book,Erős rengés,Western Springs,USA,USA,USA,USA,Strong Motion,No,Male,Hungarian,1,Illinois,Gender,2014,1959,81,140,574,1,4.05,4,1
Jonathan Franzen,Jonathan Franzen,Book,Szabadság,Western Springs,USA,USA,USA,USA,Freedom,Yes,Male,Hungarian,1,Illinois,Gender,2014,1959,90,141,636,1,4.5,5,1
Jonathan Franzen,Jonathan Franzen,Book,Diszkomfortzóna,Western Springs,USA,USA,USA,USA,Discomfortzone,No,Male,Hungarian,1,Illinois,Gender,2015,1959,88,142,288,1,4.4,4,1
Jonathan Franzen,Jonathan Franzen,Ebook,Purity,Western Springs,USA,USA,USA,USA,Purity,No,Male,English,1,Illinois,Gender,2015,1959,84,143,578,1,4.2,4,1
Joseph Heller,Joseph Heller,Book,Valami történt,Coney Island,USA,USA,USA,USA,Something Happened,No,Male,Hungarian,1,New York,Gender,2012,1923,85,144,546,1,4.25,3.5,1
Karl Ove Knausgard,Karl Ove Knausgard,Ebook,Halál,Oslo,Norway,Norway,Norway,Europe other,A Death in the Family,Yes,Male,Hungarian,1,,Gender,2018,1968,92,145,436,1,4.6,5,1
Karl Ove Knausgard,Karl Ove Knausgard,Ebook,Szerelem,Oslo,Norway,Norway,Norway,Europe other,A Man In Love,No,Male,Hungarian,1,,Gender,2018,1968,93,146,588,1,4.65,4.5,1
Karl Ove Knausgard,Karl Ove Knausgard,Book,Játék,Oslo,Norway,Norway,Norway,Europe other,Boyhood Island,No,Male,Hungarian,1,,Gender,2019,1968,94,147,416,1,4.7,4.5,1
Karl Ove Knausgard,Karl Ove Knausgard,Book,Élet,Oslo,Norway,Norway,Norway,Europe other,Dancing in the Dark,No,Male,Hungarian,1,,Gender,2019,1968,95,148,480,1,4.75,5,1
Kelly Barnhill,Kelly Barnhill,Ebook,The Girl Who Drank the Moon,Minneapolis,USA,USA,USA,USA,The Girl Who Drank the Moon,No,Female,English,1,Minnesota,Gender,2019,1973,94,149,400,1,4.7,4.5,1
Ken Kesey,Ken Kesey,Book,Száll a kakukk fészkére,La Junta,USA,USA,USA,USA,One ​Flew Over the Cuckoo's Nest,No,Male,Hungarian,1,Colorado,Gender,2010,1935,91,150,374,1,4.55,4,1
Kerstin Gier,Kerstin Gier,Ebook,Ruby Red,Bergisch Gladbach,Germany,Germany,Germany,Europe other,Ruby Red,No,Female,English,1,,Gender,2013,1966,89,151,330,1,4.45,4.5,1
Krisztián Grecsó,Krisztián Grecsó,Ebook,Mellettem elférsz,Szegvár,Hungary,Hungary,Hungary,Hungary,-,No,Male,Hungarian,1,,Gender,2013,1976,85,152,288,1,4.25,4,1
Krisztián Grecsó,Krisztián Grecsó,Book,Megyek utánad,Szegvár,Hungary,Hungary,Hungary,Hungary,-,No,Male,Hungarian,1,,Gender,2014,1976,82,153,304,1,4.1,4.5,1
Krisztián Grecsó,Krisztián Grecsó,Book,Jelmezbál,Szegvár,Hungary,Hungary,Hungary,Hungary,-,No,Male,Hungarian,1,,Gender,2016,1976,84,154,296,1,4.2,4,1
Krisztián Grecsó,Krisztián Grecsó,Book,30 és napsütés,Szegvár,Hungary,Hungary,Hungary,Hungary,-,No,Male,Hungarian,1,,Gender,2017,1976,87,155,234,1,4.35,3.5,1
Krisztián Nyáry,Krisztián Nyáry,Book,Így szerettek ők,Budapest,Hungary,Hungary,Hungary,Hungary,-,No,Male,Hungarian,1,,Gender,2013,1972,91,156,130,1,4.55,4.5,1
Kurt Vonnegut,Kurt Vonnegut,Book,Hókuszpókusz,Indianapolis,USA,USA,USA,USA,Hocus Pocus,No,Male,Hungarian,1,Indiana,Gender,2009,1922,89,157,352,1,4.45,3.5,1
Kurt Vonnegut,Kurt Vonnegut,Book,Az ötösszámú vágóhíd,Indianapolis,USA,USA,USA,USA,Slaughterhouse-Five,No,Male,Hungarian,1,Indiana,Gender,2017,1922,89,158,232,1,4.45,4,1
Kyung-sook Shin,Kyung-sook Shin,Book,Vigyázzatok anyára!,Jeongeup-si,South Korea,South Korea,South Korea,World other,Please Look After Mom,No,Female,Hungarian,1,,Gender,2016,1963,86,159,244,1,4.3,5,1
Lajos Kassák,Lajos Kassák,Book,"A ló meghal, a madarak kirepülnek",Nové Zámky,Slovakia,Slovakia,Slovakia,Europe other,The horse dies the birds fly off,No,Male,Hungarian,1,,Gender,2013,1887,78,160,48,1,3.9,3.5,1
Lajos Parti Nagy,Lajos Parti Nagy,Book,A fagyott kutya lába,Szekszárd,Hungary,Hungary,Hungary,Hungary,-,No,Male,Hungarian,1,,Gender,2018,1953,81,161,226,1,4.05,3.5,1
Lajos Szilvási,Lajos Szilvási,Book,Egymás szemében,Szolnok,Hungary,Hungary,Hungary,Hungary,In each others eyes,No,Male,Hungarian,1,,Gender,2010,1932,88,162,442,1,4.4,1.5,1
László Darvasi,László Darvasi,Book,"A zord apa, avagy a Werner-lány hiteles története",Törökszentmiklós,Hungary,Hungary,Hungary,Hungary,-,No,Male,Hungarian,1,,Gender,2013,1962,87,163,142,1,4.35,4,1
László Krasznahorkai,László Krasznahorkai,Book,Sátántangó,Gyula,Hungary,Hungary,Hungary,Hungary,Satantango,No,Male,Hungarian,1,,Gender,2013,1954,92,164,274,1,4.6,5,1
László Németh,László Németh,Book,Iszony,Baia Mare,Romania,Romania,Romania,Europe other,Revulsion,No,Male,Hungarian,1,,Gender,2011,1901,86,165,502,1,4.3,5,1
László Potozky,László Potozky,Book,Éles,Miercurea Ciuc,Romania,Romania,Romania,Europe other,-,No,Male,Hungarian,1,,Gender,2015,1988,79,166,236,1,3.95,4,1
Lennart Frick,Lennart Frick,Book,Ráklépésben,Ytterturingen,Sweden,Sweden,Sweden,Europe other,-,No,Male,Hungarian,1,,Gender,2013,1939,87,167,208,1,4.35,4.5,1
Lev Tolsztoj,Lev Tolsztoj,Book,Anna Karenina,Yasnaya Polyana,Russia,Russia,Russia,Europe other,Anna Karenina,No,Male,Hungarian,1,,Gender,2011,1828,86,168,842,1,4.3,4,1
Ljudmila Ulickaja,Ljudmila Ulickaja,Ebook,Szonyecska,Davlekanovo,Russia,Russia,Russia,Europe other,Sonjecka,No,Female,Hungarian,1,,Gender,2016,1943,81,169,92,1,4.05,4,1
Louisa May Alcott,Louisa May Alcott,Ebook,Kisasszonyok,Germantown,USA,USA,USA,USA,Little Women,No,Female,Hungarian,1,Pennsylvania,Gender,2019,1832,85,170,345,1,4.25,4,1
Magda Szabó,Magda Szabó,Ebook,Pilátus,Debrecen,Hungary,Hungary,Hungary,Hungary,Iza's ballad,No,Female,Hungarian,1,,Gender,2012,1917,94,171,280,1,4.7,3.5,1
Magda Szabó,Magda Szabó,Ebook,Abigél,Debrecen,Hungary,Hungary,Hungary,Hungary,Abigail,No,Female,Hungarian,1,,Gender,2012,1917,95,172,396,1,4.75,4.5,1
Magda Szabó,Magda Szabó,Book,Mézescsók Cerberusnak,Debrecen,Hungary,Hungary,Hungary,Hungary,-,No,Female,Hungarian,1,,Gender,2015,1917,92,173,248,1,4.6,4,1
Margaret Atwood,Margaret Atwood,Ebook,A szolgálólány meséje,Ottawa,Canada,Canada,Canada,World other,The Handmaid's Tale,No,Female,Hungarian,1,,Gender,2017,1939,85,175,478,1,4.25,4,1
Margaret Mitchell,Margaret Mitchell,Book,Elfújta a szél,Atlanta,USA,USA,USA,USA,Gone with the Wind,Yes,Female,Hungarian,1,Georgia,Gender,2014,1900,93,176,1176,1,4.65,5,1
Mari Andrew,Mari Andrew,Book,Am I There Yet?,Seattle,USA,USA,USA,USA,Am I There Yet?,Yes,Female,English,1,Washington,Gender,2018,1987,100,177,192,1,5,5,1
Marjane Satrapi,Marjane Satrapi,Ebook,Persepolis,Rasht,Iran,Iran,Iran,World other,Persepolis,No,Female,English,1,,Gender,2016,1969,98,178,160,1,4.9,5,1
Marjane Satrapi,Marjane Satrapi,Ebook,Persepolis 2.,Rasht,Iran,Iran,Iran,World other,Persepolis 2.,No,Female,English,1,,Gender,2016,1969,88,179,188,1,4.4,4.5,1
Mark Manson,Mark Manson,Book,The Subtle Art of Not Giving a F*ck,Austin,USA,USA,USA,USA,The Subtle Art of Not Giving a F*ck,No,Male,English,1,Texas,Gender,2019,1984,86,180,230,1,4.3,4,1
Marta Breen - Jenny Jordahl,Marta Breen - Jenny Jordahl,Book,Nagyszerű nők,Larvik,Norway,Norway,Norway,Europe other,Great Women,No,Female,Hungarian,1,,Gender,2019,1976,88,181,120,1,4.4,4,1
Márton Gerlóczy,Márton Gerlóczy,Book,Mikecs Anna: Altató,Budapest,Hungary,Hungary,Hungary,Hungary,-,No,Male,Hungarian,1,,Gender,2018,1981,92,183,448,1,4.6,4,1
Márton István Szabó,Márton István Szabó,Ebook,Másodlagos kötések,Budapest,Hungary,Hungary,Hungary,Hungary,-,No,Male,Hungarian,1,,Gender,2017,1993,78,184,48,1,3.9,3,1
Márton Simon,Márton Simon,Book,Polaroidok,Kalocsa,Hungary,Hungary,Hungary,Hungary,-,No,Male,Hungarian,1,,Gender,2013,1984,85,185,88,1,4.25,5,1
Márton Simon,Márton Simon,Book,Dalok a magasföldszintről,Kalocsa,Hungary,Hungary,Hungary,Hungary,-,No,Male,Hungarian,1,,Gender,2013,1984,90,186,56,1,4.5,4,1
Márton Simon,Márton Simon,Ebook,Rókák esküvője,Kalocsa,Hungary,Hungary,Hungary,Hungary,-,No,Male,Hungarian,1,,Gender,2018,1984,81,187,108,1,4.05,3,1
Mary Ann Shaffer - Annie Barrows,Mary Ann Shaffer - Annie Barrows,Book,Krumplihéjpite Irodalmi Társaság,Martinsburg,USA,USA,USA,USA,The Guernsey Literary and Potato Peel Pie Society,No,Female,Hungarian,1,West Virginia,Gender,2014,1934,92,188,290,1,4.6,4.5,1
Matthew Quick,Matthew Quick,Ebook,Silver Linings Playbook,Camden,USA,USA,USA,USA,Silver Linings Playbook,No,Male,English,1,New Jersey,Gender,2013,1973,84,189,290,1,4.2,3.5,1
Mátyás Szöllősi,Mátyás Szöllősi,Book,Váltóáram,Budapest,Hungary,Hungary,Hungary,Hungary,-,No,Male,Hungarian,1,,Gender,2016,1984,86,190,308,1,4.3,5,1
Mihail Bulgakov,Mihail Bulgakov,Book,A Mester és Margarita,Kiev,Ukraine,Ukraine,Ukraine,Europe other,The Master and Margarita,No,Male,Hungarian,1,,Gender,2011,1891,91,191,576,1,4.55,5,1
Mihail Dostoevsky,Mihail Dostoevsky,Book,Bűn és bűnhődés,Moscow,Russia,Russia,Russia,Europe other,Crime and Punishment,No,Male,Hungarian,1,,Gender,2012,1821,91,192,878,1,4.55,4.5,1
Mihály Sükösd,Mihály Sükösd,Book,Hemingway világa,Budapest,Hungary,Hungary,Hungary,Hungary,-,No,Male,Hungarian,1,,Gender,2011,1933,84,193,210,1,4.2,3.5,1
Mike Lowery,Mike Lowery,Book,Random Illustrated Facts,Atlanta,USA,USA,USA,USA,Random Illustrated Facts,No,Male,English,1,Georgia,Gender,2017,,100,194,208,1,5,5,1
Miklós Vámos,Miklós Vámos,Book,Zenga zének,Budapest,Hungary,Hungary,Hungary,Hungary,Sing a song,No,Male,Hungarian,1,,Gender,2011,1950,91,195,368,1,4.55,4.5,1
Miklós Vámos,Miklós Vámos,Book,Szitakötő,Budapest,Hungary,Hungary,Hungary,Hungary,-,No,Male,Hungarian,1,,Gender,2013,1950,84,196,432,1,4.2,4,1
Milán Füst,Milán Füst,Ebook,Feleségem története,Budapest,Hungary,Hungary,Hungary,Hungary,The story of my wife,Yes,Male,Hungarian,1,,Gender,2012,1888,82,197,406,1,4.1,5,1
Milan Kundera,Milan Kundera,Book,The ​Unbearable Lightness of Being,Brno,Czech Republic,Czech Republic,Czech Republic,Europe other,The ​Unbearable Lightness of Being,Yes,Male,English,1,,Gender,2011,1929,83,198,312,1,4.15,5,1
Milan Kundera,Milan Kundera,Book,Búcsúkeringő,Brno,Czech Republic,Czech Republic,Czech Republic,Europe other,The Farewell Waltz,No,Male,Hungarian,1,,Gender,2014,1929,88,199,228,1,4.4,4,1
Miklós Vámos,Miklós Vámos,Book,Bár,Budapest,Hungary,Hungary,Hungary,Hungary,Bar,No,Male,Hungarian,1,,Gender,2010,1950,87,200,220,1,4.35,4,1
Nathan Hill,Nathan Hill,Book,NIX,Cedar Rapids,USA,USA,USA,USA,NIX,No,Male,Hungarian,1,Iowa,Gender,2019,1975,87,202,692,1,4.35,4.5,1
Nathaniel Hawthorne,Nathaniel Hawthorne,Book,A sklarlát betű,Salem,USA,USA,USA,USA,The Scarlet Letter,No,Male,Hungarian,1,Massachusetts,Gender,2018,1804,79,203,260,1,3.95,3.5,1
Neil Gaiman,Neil Gaiman,Book,Törékeny holmik,Porchester,United Kingdom,United Kingdom,United Kingdom,UK,Fragile Things,No,Male,Hungarian,1,,Gender,2009,1960,77,204,320,1,3.85,3,1
Neil Gaiman,Neil Gaiman,Book,Anansi ​fiúk,Porchester,United Kingdom,United Kingdom,United Kingdom,UK,Anansi Boys,No,Male,Hungarian,1,,Gender,2011,1960,86,205,278,1,4.3,4.5,1
Neil Gaiman,Neil Gaiman,Book,Óceán az út végén,Porchester,United Kingdom,United Kingdom,United Kingdom,UK,The Ocean at the End of the Lane,No,Male,Hungarian,1,,Gender,2013,1960,88,206,180,1,4.4,4,1
Neil Gaiman,Neil Gaiman,Ebook,"Fortunately, the Milk",Porchester,United Kingdom,United Kingdom,United Kingdom,UK,"Fortunately, the Milk",Yes,Male,English,1,,Gender,2016,1960,94,207,160,1,4.7,5,1
Neil Gaiman,Neil Gaiman,Ebook,"Fortunately, the Milk",Porchester,United Kingdom,United Kingdom,United Kingdom,UK,"Fortunately, the Milk",Yes,Male,English,1,,Gender,2018,1960,94,208,160,1,4.7,5,1
Neil Gaiman,Neil Gaiman,Ebook,"Fortunately, the Milk",Porchester,United Kingdom,United Kingdom,United Kingdom,UK,"Fortunately, the Milk",Yes,Male,English,1,,Gender,2019,1960,94,209,160,1,4.7,5,1
Neil Gaiman,Neil Gaiman,Book,Sandman,Porchester,United Kingdom,United Kingdom,United Kingdom,UK,Sandman,No,Male,Hungarian,1,,Gender,2019,1960,97,210,560,1,4.85,4,1
Newt Scamander,Newt Scamander,Ebook,Fantastic Beasts and Where to Find Them,Yate,United Kingdom,United Kingdom,United Kingdom,UK,Fantastic Beasts and Where to Find Them,No,Female,English,1,,Gender,2018,1965,86,211,160,1,4.3,3.5,1
Nick Hornby,Nick Hornby,Book,High Fidelity,Redhill,United Kingdom,United Kingdom,United Kingdom,UK,High Fidelity,Yes,Male,English,1,,Gender,2010,1957,89,212,248,1,4.45,5,1
Nick Hornby,Nick Hornby,Book,A long way down,Redhill,United Kingdom,United Kingdom,USA,UK,A long way down,No,Male,English,1,,Gender,2011,1957,87,213,256,1,4.35,4.5,1
Nick Hornby,Nick Hornby,Book,Funny Girl,Redhill,United Kingdom,United Kingdom,United Kingdom,UK,Funny Girl,No,Male,English,1,,Gender,2016,1957,80,214,256,1,4,3.5,1
Olivér Csepella,Olivér Csepella,Book,Nyugat Zombik,,Hungary,Hungary,Hungary,Hungary,-,No,Male,Hungarian,1,,Gender,2017,,77,215,264,1,3.85,3,1
Orsolya Karafiáth,Orsolya Karafiáth,Book,Cigánykártya,Budapest,Hungary,Hungary,Hungary,Hungary,-,No,Female,Hungarian,1,,Gender,2010,1976,83,216,114,1,4.15,5,1
Orsolya Karafiáth,Orsolya Karafiáth,Book,Kicsi Lili,Budapest,Hungary,Hungary,Hungary,Hungary,-,No,Female,Hungarian,1,,Gender,2012,1976,75,217,268,1,3.75,4.5,1
Oscar Wilde,Oscar Wilde,Book,Dorian ​Gray arcképe,Dublin,Ireland,Ireland,Ireland,Europe other,The Picture of Dorian ​Gray,Yes,Male,Hungarian,1,,Gender,2010,1854,91,218,330,1,4.55,5,1
Pál Závada,Pál Závada,Book,Jadviga párnája,Tótkomlós,Slovakia,Slovakia,Slovakia,Europe other,-,No,Male,Hungarian,1,,Gender,2015,1954,83,219,444,1,4.15,3.5,1
Pascal Bruckner,Pascal Bruckner,Book,Keserű méz,Paris,France,France,France,France,Bitter Moon,Yes,Male,Hungarian,1,,Gender,2009,1948,80,220,208,1,4,5,1
Paul Auster,Paul Auster,Ebook,Moonpalace,Newark,USA,USA,USA,USA,Moonpalace,No,Male,English,1,New Jersey,Gender,2018,1947,97,221,320,1,4.85,4.5,1
Paula McLain,Paula McLain,Book,A párizsi feleség,Fresno,USA,USA,USA,USA,The Paris Wife,No,Female,Hungarian,1,California,Gender,2014,1965,87,222,376,1,4.35,4,1
Péter Esterházy,Péter Esterházy,Ebook,Hasnyálmirigynapló,Budapest,Hungary,Hungary,Hungary,Hungary,-,No,Male,Hungarian,1,,Gender,2017,1950,90,223,238,1,4.5,5,1
Péter Esterházy,Péter Esterházy,Ebook,Egy nő,Budapest,Hungary,Hungary,Hungary,Hungary,-,No,Male,Hungarian,1,,Gender,2017,1950,79,224,174,1,3.95,4,1
Péter Gárdos,Péter Gárdos,Ebook,Hajnali láz,Budapest,Hungary,Hungary,Hungary,Hungary,Fever at Dawn,No,Male,Hungarian,1,,Gender,2016,1948,90,225,284,1,4.5,4,1
Péter Závada,Péter Závada,Book,Ahol megszakad,Budapest,Hungary,Hungary,Hungary,Hungary,-,No,Male,Hungarian,1,,Gender,2013,1982,90,226,72,1,4.5,4.5,1
Péter Závada,Péter Závada,Book,Mész,Budapest,Hungary,Hungary,Hungary,Hungary,-,No,Male,Hungarian,1,,Gender,2015,1982,81,227,74,1,4.05,4,1
Péter Závada,Péter Závada,Book,Roncs szélárnyékban,Budapest,Hungary,Hungary,Hungary,Hungary,-,No,Male,Hungarian,1,,Gender,2017,1982,79,228,92,1,3.95,4,1
Péter Závada,Péter Závada,Book,Je suis Anphitryon,Budapest,Hungary,Hungary,Hungary,Hungary,-,Yes,Male,Hungarian,1,,Gender,2018,1982,92,229,54,1,4.6,5,1
Philip Roth,Philip Roth,Book,Pedig milyen jó kislány volt,Newark,USA,USA,USA,USA,When She Was Good,No,Male,Hungarian,1,New Jersey,Gender,2011,1933,81,230,298,1,4.05,4,1
Philip Roth,Philip Roth,Book,A Portnoy-kór,Newark,USA,USA,USA,USA,Portnoy's Complaint,No,Male,Hungarian,1,New Jersey,Gender,2011,1933,85,231,266,1,4.25,5,1
Prudence Geerts,Prudence Geerts,Ebook,"Bad at Adulting, Good at Feminism",,Belgium,Belgium,Belgium,Europe other,"Bad at Adulting, Good at Feminism",No,Female,English,1,,Gender,2018,,80,232,200,1,4,4,1
R. D. Laing,R. D. Laing,Book,Gubancok,Glasgow,United Kingdom,United Kingdom,United Kingdom,UK,Knots,No,Male,Hungarian,1,,Gender,2010,1927,93,233,96,1,4.65,4,1
Ransom Riggs,Ransom Riggs,Ebook,Miss ​Peregrine's Home for Peculiar Children,Englewood,USA,USA,USA,USA,Miss ​Peregrine's Home for Peculiar Children,No,Male,English,1,Maryland,Gender,2016,1979,78,234,392,1,3.9,4.5,1
Ray Bradbury,Ray Bradbury,Ebook,Fahrenheit 451,Waukegan,USA,USA,USA,USA,Fahrenheit 451,No,Male,Hungarian,1,Illinois,Gender,2019,1920,88,235,192,1,4.4,5,1
Robert Capa,Robert Capa,Book,Kissé elmosódva,Budapest,Hungary,Hungary,Hungary,Hungary,Slightly Out of Focus,No,Male,Hungarian,1,,Gender,2013,1913,90,236,244,1,4.5,4,1
Robert Galbraith,Robert Galbraith,Book,Kakukkszó,Yate,United Kingdom,United Kingdom,United Kingdom,UK,The Cuckoo's Calling,No,Female,Hungarian,1,,Gender,2014,1965,86,237,546,1,4.3,4.5,1
Robert Galbraith,Robert Galbraith,Ebook,The Silkworm,Yate,United Kingdom,United Kingdom,United Kingdom,UK,The Silkworm,No,Female,English,1,,Gender,2014,1965,87,238,466,1,4.35,5,1
Robert Galbraith,Robert Galbraith,Ebook,Career of Evil,Yate,United Kingdom,United Kingdom,United Kingdom,UK,Career of Evil,No,Female,English,1,,Gender,2016,1965,85,239,512,1,4.25,4,1
Robert Merle,Robert Merle,Book,Védett férfiak,Tebessa,Algeria,Algeria,Algeria,World other,The virility factor,No,Male,Hungarian,1,,Gender,2010,1908,87,240,442,1,4.35,5,1
Robert Merle,Robert Merle,Book,A bálvány,Tebessa,Algeria,Algeria,Algeria,World other,The Idol,No,Male,Hungarian,1,,Gender,2010,1908,86,241,554,1,4.3,3.5,1
Robert Merle,Robert Merle,Book,Malevil,Tebessa,Algeria,Algeria,Algeria,World other,Malevil,No,Male,Hungarian,1,,Gender,2010,1908,90,242,730,1,4.5,5,1
Robert Merle,Robert Merle,Book,Galápagos,Tebessa,Algeria,Algeria,Algeria,World other,Galapagos,No,Male,Hungarian,1,,Gender,2010,1908,83,243,342,1,4.15,3.5,1
Robert Merle,Robert Merle,Book,Majomábécé,Tebessa,Algeria,Algeria,Algeria,World other,Le propre de l'homme,No,Male,Hungarian,1,,Gender,2010,1908,84,244,460,1,4.2,4,1
Robert Merle,Robert Merle,Book,A sziget,Tebessa,Algeria,Algeria,Algeria,World other,The Island,No,Male,Hungarian,1,,Gender,2010,1908,88,245,614,1,4.4,3.5,1
Robert Merle,Robert Merle,Book,Üvegfal mögött,Tebessa,Algeria,Algeria,Algeria,World other,Behind the Glass,No,Male,Hungarian,1,,Gender,2012,1908,75,246,524,1,3.75,3,1
Roberto Bolano,Roberto Bolano,Book,Vad nyomozók,Santiago,Chile,Chile,Chile,World other,Savage Detectives,Yes,Male,Hungarian,1,,Gender,2019,1953,90,247,762,1,4.5,5,1
Romain Gary,Romain Gary,Ebook,A ​virradat ígérete,Vilnius,Lithuania,Lithuania,Lithuania,Europe other,Promise at Dawn,Yes,Male,Hungarian,1,,Gender,2016,1914,94,248,328,1,4.7,5,1
Sally Rooney,Sally Rooney,Ebook,Normal People,Castlebar,Ireland,Ireland,Ireland,Europe other,Normal People,No,Female,English,1,,Gender,2019,1991,83,249,266,1,4.15,3,1
Sándor Márai,Sándor Márai,Book,Az Igazi,Košice,Slovakia,Slovakia,Slovakia,Europe other,Portraits of a Marriage,No,Male,Hungarian,1,,Gender,2011,1900,91,250,282,1,4.55,5,1
Sándor Tar,Sándor Tar,Ebook,Lassú teher,Hajdúsámson,Hungary,Hungary,Hungary,Hungary,-,No,Male,Hungarian,1,,Gender,2018,1941,93,251,224,1,4.65,4.5,1
Sara Pascoe,Sara Pascoe,Book,Animal,Dagenham,United Kingdom,United Kingdom,United Kingdom,UK,Animal,No,Female,English,1,,Gender,2019,1981,70,252,336,1,3.5,3.5,1
Sarah Andersen,Sarah Andersen,Book,Adulthood ​Is a Myth,,USA,USA,USA,USA,Adulthood ​Is a Myth,No,Female,English,1,,Gender,2017,1992,94,253,112,1,4.7,4.5,1
Sarah Andersen,Sarah Andersen,Book,Big Mushy Happy Lump,,USA,USA,USA,USA,Big Mushy Happy Lump,No,Female,English,1,,Gender,2017,1992,92,254,126,1,4.6,5,1
Shelby Lorman,Shelby Lorman,Ebook,Awards for Good Boys,Los Angeles,USA,USA,USA,USA,Awards for Good Boys,No,Female,English,1,California,Gender,2019,1994,40,255,208,1,2,2,1
Stephen Chobsky,Stephen Chobsky,Ebook,The Perks of Being a Wallflower,Pittsburgh,USA,USA,USA,USA,The Perks of Being a Wallflower,No,Male,English,1,Pennsylvania,Gender,2012,1970,91,256,232,1,4.55,5,1
Stephen King,Stephen King,Ebook,Carrie,Portland,USA,USA,USA,USA,Carrie,No,Male,Hungarian,1,Maine,Gender,2012,1947,84,257,282,1,4.2,3.5,1
Stephenie Meyer,Stephenie Meyer,Book,Twilight,Hartford,USA,USA,USA,USA,Twilight,No,Female,English,1,Connecticut,Gender,2009,1973,83,258,436,1,4.15,2,1
Stephenie Meyer,Stephenie Meyer,Book,New Moon,Hartford,USA,USA,USA,USA,New Moon,No,Female,English,1,Connecticut,Gender,2009,1973,78,259,564,1,3.9,2,1
Stephenie Meyer,Stephenie Meyer,Book,Eclipse,Hartford,USA,USA,USA,USA,Eclipse,No,Female,English,1,Connecticut,Gender,2010,1973,84,260,638,1,4.2,2,1
Stieg Larsson,Stieg Larsson,Ebook,The Girl with the Dragon Tattoo,Skelleftehamn,Sweden,Sweden,Sweden,Europe other,The Girl with the Dragon Tattoo,No,Male,English,1,,Gender,2014,1954,82,261,562,1,4.1,5,1
Stieg Larsson,Stieg Larsson,Ebook,The Girl who Played with Fire,Skelleftehamn,Sweden,Sweden,Sweden,Europe other,The Girl who Played with Fire,No,Male,English,1,,Gender,2015,1954,89,262,576,1,4.45,4,1
Stig Björkman,Stig Björkman,Book,Woody ​– Allenről,Stockholm,Sweden,Sweden,Sweden,Europe other,Woody Allen on Woody Allen,No,Male,Hungarian,1,,Gender,2011,1939,79,263,548,1,3.95,3,1
Sylvia Plath,Sylvia Plath,Book,Az üvegbura,Boston,USA,USA,USA,USA,The Bell Jar,No,Female,Hungarian,1,Massachusetts,Gender,2013,1932,91,264,236,1,4.55,4.5,1
Szilárd Rubin,Szilárd Rubin,Book,Csirkejáték,Budapest,Hungary,Hungary,Hungary,Hungary,-,No,Male,Hungarian,1,,Gender,2013,1927,85,265,214,1,4.25,4.5,1
T. S. Eliot,T. S. Eliot,Book,Koktél hatkor,St. Louis,USA,USA,USA,USA,Coctail Party,Yes,Male,Hungarian,1,Missouri,Gender,2011,1888,93,266,136,1,4.65,5,1
Tennessee Williams,Tennessee Williams,Ebook,A vágy villamosa,Columbus,USA,USA,USA,USA,A Streetcar Named Desire,No,Male,Hungarian,1,Mississippi,Gender,2012,1911,89,267,126,1,4.45,5,1
Tibor Bödőcs,Tibor Bödőcs,Ebook,Meg se kínáltak,Zalaegerszeg,Hungary,Hungary,Hungary,Hungary,-,No,Male,Hungarian,1,,Gender,2019,1982,88,268,200,1,4.4,4,1
Tibor Szobotka,Tibor Szobotka,Book,Megbízható úriember,Budapest,Hungary,Hungary,Hungary,Hungary,-,No,Male,Hungarian,1,,Gender,2013,1913,92,269,416,1,4.6,4.5,1
Tony Parsons,Tony Parsons,Ebook,"Man ​and Boy, или История с продолжением",Romford,United Kingdom,United Kingdom,United Kingdom,UK,Man and Boy,No,Male,Russian,1,,Gender,2016,1953,80,270,344,1,4,4,1
V. E. Schwab,V. E. Schwab,Ebook,Egy sötétebb mágia,,USA,USA,USA,USA,A Darker Shade of Magic,No,Female,Hungarian,1,,Gender,2018,1987,87,271,446,1,4.35,4.5,1
Viktor Kubiszyn,Viktor Kubiszyn,Book,Drognapló,Miskolc,Hungary,Hungary,Hungary,Hungary,-,No,Male,Hungarian,1,,Gender,2017,1979,87,272,327,1,4.35,4,1
Viktor Pelevin,Viktor Pelevin,Book,Generation ​P,Moszkva,Russia,Russia,Russia,Europe other,Generation ​P,No,Male,Hungarian,1,,Gender,2016,1962,83,273,384,1,4.15,3,1
Virginia Woolf,Virginia Woolf,Book,Mrs. Dalloway,London,United Kingdom,United Kingdom,United Kingdom,UK,Mrs. Dalloway,No,Female,Hungarian,1,,Gender,2011,1882,83,274,264,1,4.15,3,1
Vladimir Nabokov,Vladimir Nabokov,Book,Lolita,Saint Petersburg,Russia,Russia,Russia,Europe other,Lolita,Yes,Male,Hungarian,1,,Gender,2013,1899,84,275,424,1,4.2,5,1
William Faulkner,William Faulkner,Ebook,Míg fekszem kiterítve,New Albany,USA,USA,USA,USA,As I Lay Dying,No,Male,Hungarian,1,Mississippi,Gender,2016,1897,87,276,368,1,4.35,4.5,1
William Golding,William Golding,Book,A Legyek Ura,Newquay,United Kingdom,United Kingdom,United Kingdom,UK,Lord of Flies,No,Male,Hungarian,1,,Gender,2010,1911,84,277,238,1,4.2,4,1
William Somerset Maugham,William Somerset Maugham,Book,Színház,Paris,France,France,France,France,Theartre,No,Male,Hungarian,1,,Gender,2012,1874,90,278,294,1,4.5,4.5,1
William Somerset Maugham,William Somerset Maugham,Book,Örök Szolgaság,Paris,France,France,France,France,Of Human Bondage,Yes,Male,Hungarian,1,,Gender,2017,1874,93,279,686,1,4.65,5,1
Woody Allen,Woody Allen,Book,Annie Hall,New York,USA,USA,USA,USA,Annie Hall,No,Male,Hungarian,1,New York,Gender,2010,1935,93,280,232,1,4.65,5,1
Yann Martel,Yann Martel,Book,Pi élete,Salamanca,Spain,Spain,Spain,Europe other,Life of Pi,No,Male,Hungarian,1,,Gender,2012,1963,87,281,400,1,4.35,5,1
Zadie Smith,Zadie Smith,Book,NW,London,United Kingdom,United Kingdom,United Kingdom,UK,NW,No,Female,Hungarian,1,,Gender,2017,1975,81,282,376,1,4.05,3.5,1
Zsófi Kemény,Zsófi Kemény,Ebook,Nyílt láng használta,Budapest,Hungary,Hungary,Hungary,Hungary,-,No,Female,Hungarian,1,,Gender,2017,1994,68,283,82,1,3.4,4,1
Zsófia Bíró,Zsófia Bíró,Ebook,A boldog hentes felesége,,Hungary,Hungary,Hungary,Hungary,-,No,Female,Hungarian,1,,Gender,2017,,86,284,176,1,4.3,4,1
Agatha Christie,Agatha Christie,Book,Tíz kicsi néger,Torquay,United Kingdom,United Kingdom,United Kingdom,UK,And Then There Were None,No,Female,Hungarian,49,,Region,2011,1890,95,1,230,1,4.75,5,49
Agatha Christie,Agatha Christie,Book,Az Ackroyd-gyilkosság,Torquay,United Kingdom,United Kingdom,United Kingdom,UK,The Murder of Roger Ackroyd,No,Female,Hungarian,49,,Region,2015,1890,93,2,328,1,4.65,4,49
Agatha Christie,Agatha Christie,Book,Gyilkosság az Orient Expressen,Torquay,United Kingdom,United Kingdom,United Kingdom,UK,Murder on the Orient Express,No,Female,Hungarian,49,,Region,2017,1890,94,3,264,1,4.7,5,49
Agatha Christie,Agatha Christie,Ebook,Az ABC-gyilkosságok,Torquay,United Kingdom,United Kingdom,United Kingdom,UK,The ABC Murders,No,Female,Hungarian,49,,Region,2018,1890,90,4,292,1,4.5,4,49
Albert - László Barabási,Albert - László Barabási,Book,Villanások,Cârța,Romania,Romania,Romania,Europe other,Bursts,No,Male,Hungarian,49,Hargitha,Region,2010,1967,76,5,336,1,3.8,2.5,49
Alberto Moravia,Alberto Moravia,Book,Az unalom,Rome,Italy,Italy,Italy,Europe other,Boredom,Yes,Male,Hungarian,49,,Region,2011,1907,82,6,334,1,4.1,5,49
Alberto Moravia,Alberto Moravia,Book,A leselkedő,Rome,Italy,Italy,Italy,Europe other,The Voyeur,No,Male,Hungarian,49,,Region,2012,1907,84,7,236,1,4.2,4,49
Alberto Moravia,Alberto Moravia,Ebook,A megvetés,Rome,Italy,Italy,Italy,Europe other,Contempt,No,Male,Hungarian,49,,Region,2016,1907,81,8,246,1,4.05,3,49
Alessandro Baricco,Alessandro Baricco,Ebook,Selyem,Turin,Italy,Italy,Italy,Europe other,Silk,No,Male,Hungarian,49,,Region,2017,1958,85,9,104,1,4.25,4,49
Alexandre Dumas,Alexandre Dumas,Book,Monte Cristo grófja,Villers-Cotterêts,France,France,France,France,The Count of Monte Cristo,Yes,Male,Hungarian,49,,Region,2012,1870,94,10,1042,1,4.7,5,49
Alinda Veiszer,Alinda Veiszer,Book,Bridge generáció,Budapest,Hungary,Hungary,Hungary,Hungary,Bridge Generation,No,Female,Hungarian,49,,Region,2014,1980,81,11,200,1,4.05,4.5,49
Amy Schumer,Amy Schumer,Ebook,The ​Girl with the Lower Back Tattoo,New York,USA,USA,USA,USA,The ​Girl with the Lower Back Tattoo,No,Female,English,49,New York,Region,2016,1981,83,12,320,1,4.15,5,49
András Cserna-Szabó,András Cserna-Szabó,Ebook,Puszibolt,Szentes,Hungary,Hungary,Hungary,Hungary,-,No,Male,Hungarian,49,,Region,2014,1974,84,13,262,1,4.2,4,49
André Aciman,André Aciman,Book,Szólíts a neveden,Alexandria,Egypt,Egypt,Egypt,World other,Call Me by Your Name,No,Male,Hungarian,49,,Region,2018,1951,84,14,304,1,4.2,3.5,49
Anna Gavalda,Anna Gavalda,Book,Együtt lehetnénk,Boulogne-Billancourt,France,France,France,France,Hunting and Gathering,No,Female,Hungarian,49,,Region,2010,1970,91,15,628,1,4.55,3.5,49
Anna Szabó T.,Anna Szabó T.,Ebook,Törésteszt,Cluj-Napoca,Romania,Romania,Romania,Europe other,-,No,Female,Hungarian,49,,Region,2017,1972,81,16,248,1,4.05,3.5,49
Antal Szerb,Antal Szerb,Book,Utas és holdvilág,Budapest,Hungary,Hungary,Hungary,Hungary,Journey by Moonlight,No,Male,Hungarian,49,,Region,2011,1901,90,17,392,1,4.5,4.5,49
Antal Szerb,Antal Szerb,Ebook,A Pendragon legenda,Budapest,Hungary,Hungary,Hungary,Hungary,The Pendragon Legend,No,Male,Hungarian,49,,Region,2013,1901,83,18,278,1,4.15,4,49
Attila Bartis,Attila Bartis,Book,Nyugalom,Târgu Mureș,Romania,Romania,Romania,Europe other,Tranquility,Yes,Male,Hungarian,49,,Region,2012,1968,89,19,326,1,4.45,5,49
Attila Bartis,Attila Bartis,Book,A vége,Târgu Mureș,Romania,Romania,Romania,Europe other,-,Yes,Male,Hungarian,49,,Region,2015,1968,94,20,600,1,4.7,5,49
Attila Bartis,Attila Bartis,Book,A vége,Târgu Mureș,Romania,Romania,Romania,Europe other,-,Yes,Male,Hungarian,49,,Region,2016,1968,94,21,600,1,4.7,5,49
Attila Bartis,Attila Bartis,Ebook,A kéklő pára,Târgu Mureș,Romania,Romania,Romania,Europe other,-,No,Male,Hungarian,49,,Region,2016,1968,84,22,110,1,4.2,4.5,49
Audrey Niffenegger,Audrey Niffenegger,Book,The ​Time Traveler's Wife,South Haven,USA,USA,USA,USA,The ​Time Traveler's Wife,Yes,Female,English,49,Michigan,Region,2010,1963,85,24,616,1,4.25,5,49
Audrey Niffenegger,Audrey Niffenegger,Book,Her ​Fearful Symmetry,South Haven,USA,USA,USA,USA,Her ​Fearful Symmetry,No,Female,English,49,Michigan,Region,2010,1963,82,25,486,1,4.1,5,49
Avery Corman,Avery Corman,Book,Kramer kontra Kramer,New York,USA,USA,USA,USA,Kramer vs. Kramer,No,Male,Hungarian,49,New York,Region,2010,1935,85,26,254,1,4.25,4.5,49
Aziz Ansari,Aziz Ansari,Ebook,Modern Romance,Columbia,USA,USA,USA,USA,Modern Romance,No,Male,English,49,South Carolina,Region,2018,1983,84,27,278,1,4.2,4,49
Balázs Lévai,Balázs Lévai,Ebook,Lovasi,Budapest,Hungary,Hungary,Hungary,Hungary,-,No,Male,Hungarian,49,,Region,2019,1968,91,28,432,1,4.55,5,49
Bernhard Schlink,Bernhard Schlink,Ebook,The Reader,Großdornberg,Germany,Germany,Germany,Europe other,The Reader,No,Male,English,49,,Region,2016,1944,82,29,216,1,4.1,4,49
Bohumil Hrabal,Bohumil Hrabal,Book,Őfelsége pincére voltam,Brno,Czech Republic,Czech Republic,Czech Republic,Europe other,I Served the King of England,No,Male,Hungarian,49,,Region,2013,1914,90,30,270,1,4.5,4,49
Bohumil Hrabal,Bohumil Hrabal,Book,Sörgyári capriccio,Brno,Czech Republic,Czech Republic,Czech Republic,Europe other,Cutting It Short,No,Male,Hungarian,49,,Region,2014,1914,85,31,138,1,4.25,4,49
Bohumil Hrabal,Bohumil Hrabal,Ebook,Táncórák idősebbeknek és haladóknak,Brno,Czech Republic,Czech Republic,Czech Republic,Europe other,Dancing Lessons for the Advanced in Age,No,Male,Hungarian,49,,Region,2016,1914,83,32,104,1,4.15,4,49
Boris Vian,Boris Vian,Ebook,Tajtékos napok,Ville-d'Avray,France,France,France,France,Foam of the Days,No,Male,Hungarian,49,,Region,2012,1920,84,33,260,1,4.2,3.5,49
Bret Easton Ellis,Bret Easton Ellis,Ebook,Nullánál is kevesebb,Los Angeles,USA,USA,USA,USA,Less than Zero,No,Male,Hungarian,49,California,Region,2012,1964,78,34,212,1,3.9,4,49
Catana Chetwynd,Catana Chetwynd,Ebook,Little Moments of Love,Saratoga,USA,USA,USA,USA,Little Moments of Love,No,Female,English,49,New York,Region,2018,1994,96,35,160,1,4.8,5,49
Charles Webb,Charles Webb,Ebook,The Graduate,San Francisco,USA,USA,USA,USA,The Graduate,No,Male,English,49,California,Region,2013,1939,65,36,272,1,3.25,4,49
Charlotte Brontë,Charlotte Brontë,Book,Jane Eyre,Thornton,United Kingdom,United Kingdom,United Kingdom,UK,Jane Eyre,No,Female,Hungarian,49,,Region,2013,1816,92,37,450,1,4.6,4,49
Choderlos de Laclos,Choderlos de Laclos,Book,Veszedelmes viszonyok,Amiens,France,France,France,France,Dangerous liaisons,No,Male,Hungarian,49,,Region,2012,1741,91,38,490,1,4.55,4.5,49
Christopher Moore,Christopher Moore,Ebook,Mocskos meló,Toledo,USA,USA,USA,USA,A Dirty Job,No,Male,Hungarian,49,Ohio,Region,2013,1957,87,39,322,1,4.35,3.5,49
Daniel Keyes,Daniel Keyes,Ebook,Virágot Algernonnak,New York,USA,USA,USA,USA,Flowers for Algernon,No,Male,Hungarian,49,New York,Region,2019,1927,95,40,254,1,4.75,4.5,49
Dániel Varró,Dániel Varró,Book,Szívdesszert,Budapest,Hungary,Hungary,Hungary,Hungary,-,No,Male,Hungarian,49,,Region,2016,1977,90,41,92,1,4.5,4.5,49
Dániel Varró,Dániel Varró,Book,Mi lett hova?,Budapest,Hungary,Hungary,Hungary,Hungary,-,No,Male,Hungarian,49,,Region,2016,1977,91,42,110,1,4.55,4,49
Daphne du Maurier,Daphne du Maurier,Ebook,A Manderley-ház asszonya,London,United Kingdom,United Kingdom,United Kingdom,UK,Rebecca,No,Female,Hungarian,49,,Region,2018,1907,91,43,442,1,4.55,5,49
Dénes Krusovszky,Dénes Krusovszky,Ebook,Akik már nem leszünk sosem,Debrecen,Hungary,Hungary,Hungary,Hungary,-,No,Male,Hungarian,49,,Region,2018,1982,89,44,544,1,4.45,4,49
Dezső Kosztolányi,Dezső Kosztolányi,Ebook,Esti Kornél,Subotica,Serbia,Serbia,Serbia,Europe other,-,No,Male,Hungarian,49,,Region,2012,1886,89,45,234,1,4.45,4.5,49
Donna Tartt,Donna Tartt,Book,Az Aranypinty,Greenwood,USA,USA,USA,USA,The Goldfinch,No,Female,Hungarian,49,Mississippi,Region,2017,1963,86,46,798,1,4.3,4.5,49
Donna Tartt,Donna Tartt,Book,A titkos történet,Greenwood,USA,USA,USA,USA,The Secret History,No,Female,Hungarian,49,Mississippi,Region,2018,1963,85,47,486,1,4.25,4,49
Edward Albee,Edward Albee,Book,Nem félünk a farkastól,Washington D.C.,USA,USA,USA,USA,Who's Afraid of Virginia Woolf?,Yes,Male,Hungarian,49,Virginia,Region,2011,1928,87,48,150,1,4.35,5,49
Elena Ferrante,Elena Ferrante,Book,Briliáns barátnőm,Naples,Italy,Italy,Italy,Europe other,My Brilliant Friend,No,Female,Hungarian,49,,Region,2017,1943,90,49,338,1,4.5,4,49
Elena Ferrante,Elena Ferrante,Book,Az új név története,Naples,Italy,Italy,Italy,Europe other,The Story of a New Name,Yes,Female,Hungarian,49,,Region,2017,1943,96,50,488,1,4.8,5,49
Elizabeth Wurtzel,Elizabeth Wurtzel,Book,Prozac-ország,New York,USA,USA,USA,USA,Prozac Nation,No,Female,Hungarian,49,New York,Region,2014,1967,83,51,488,1,4.15,5,49
Émile Ajar,Émile Ajar,Ebook,Előttem az élet,Vilnius,Lithuania,Lithuania,Lithuania,Europe other,Momo,No,Male,Hungarian,49,,Region,2012,1914,93,52,236,1,4.65,5,49
Émile Zola,Émile Zola,Book,Nana,Paris,France,France,France,France,Nana,No,Male,Hungarian,49,,Region,2009,1840,77,53,514,1,3.85,3.5,49
Émile Zola,Émile Zola,Book,A Patlányfogó,Paris,France,France,France,France,The Dram Shop,No,Male,Hungarian,49,,Region,2010,1840,89,54,438,1,4.45,5,49
Émile Zola,Émile Zola,Book,Állat az emberben,Paris,France,France,France,France,The Beast Within,No,Male,Hungarian,49,,Region,2011,1840,88,55,334,1,4.4,5,49
Émile Zola,Émile Zola,Ebook,Hölgyek öröme,Paris,France,France,France,France,The Ladies' Paradise,No,Male,Hungarian,49,,Region,2012,1840,89,56,534,1,4.45,4.5,49
Emily Brontë,Emily Brontë,Book,Üvöltő szelek,Thornton,United Kingdom,United Kingdom,United Kingdom,UK,Wuthering Heights,Yes,Female,Hungarian,49,,Region,2010,1818,84,57,334,1,4.2,5,49
Erland Loe,Erland Loe,Ebook,Doppler,Trondheim,Norway,Norway,Norway,Europe other,Doppler,No,Male,Hungarian,49,,Region,2018,1969,86,58,192,1,4.3,4,49
Ernest Hemingway,Ernest Hemingway,Book,Fiesta: The Sun Also Rises,Oak Park,USA,USA,USA,USA,Fiesta: The Sun Also Rises,Yes,Male,English,49,Illinois,Region,2011,1899,78,59,252,1,3.9,5,49
Ernest Hemingway,Ernest Hemingway,Ebook,Vándorünnep,Oak Park,USA,USA,USA,USA,Moveable Feast,No,Male,Hungarian,49,Illinois,Region,2016,1899,88,60,236,1,4.4,4.5,49
Ernő Szív,Ernő Szív,Book,Összegyűjtött szerelmeim,Törökszentmiklós,Hungary,Hungary,Hungary,Hungary,-,No,Male,Hungarian,49,,Region,2013,1962,85,61,294,1,4.25,4.5,49
F. Scott Fitzgerald,F. Scott Fitzgerald,Book,A ​nagy Gatsby,Saint Paul,USA,USA,USA,USA,The Great Gatsby,No,Male,Hungarian,49,Minnesota,Region,2011,1896,83,62,164,1,4.15,5,49
F. Scott Fitzgerald,F. Scott Fitzgerald,Book,Az éj szelíd trónján,Saint Paul,USA,USA,USA,USA,Tender Is the Night,Yes,Male,Hungarian,49,Minnesota,Region,2011,1896,82,63,464,1,4.1,5,49
F. Scott Fitzgerald,F. Scott Fitzgerald,Book,Szépek és átkozottak,Saint Paul,USA,USA,USA,USA,The Beautiful and Damned,No,Male,Hungarian,49,Minnesota,Region,2011,1896,85,64,576,1,4.25,4,49
F. Scott Fitzgerald,F. Scott Fitzgerald,Book,The Great Gatsby,Saint Paul,USA,USA,USA,USA,The Great Gatsby,No,Male,English,49,Minnesota,Region,2012,1896,85,65,168,1,4.25,4.5,49
F. Scott Fitzgerald,F. Scott Fitzgerald,Book,Az ólomkristály,Saint Paul,USA,USA,USA,USA,Collected short stories,No,Male,Hungarian,49,Minnesota,Region,2012,1896,82,66,700,1,4.1,4,49
Friedrich Dürrenmatt,Friedrich Dürrenmatt,Book,A fizikusok,Konolfingen,Switzerland,Switzerland,Switzerland,Europe other,The Physisists,No,Male,Hungarian,49,,Region,2012,1921,90,67,102,1,4.5,4.5,49
Frigyes Karinthy,Frigyes Karinthy,Book,Capillária,Budapest,Hungary,Hungary,Hungary,Hungary,-,No,Male,Hungarian,49,,Region,2011,1887,80,68,162,1,4,5,49
Gabriel García Márquez,Gabriel García Márquez,Book,Száz év magány,Aracataca,Columbia,Columbia,Columbia,World other,One ​Hundred Years of Solitude,Yes,Male,Hungarian,49,,Region,2009,1927,88,69,374,1,4.4,5,49
Gabriel García Márquez,Gabriel García Márquez,Book,Szerelem kolera idején,Aracataca,Columbia,Columbia,Columbia,World other,Love in the Time of Cholera,No,Male,Hungarian,49,,Region,2009,1927,89,70,422,1,4.45,4.5,49
Gabriella Kemény,Gabriella Kemény,Book,Zsebuniverzum,Budapest,Hungary,Hungary,Hungary,Hungary,-,No,Female,Hungarian,49,,Region,2018,1996,75,71,84,1,3.75,3.5,49
Gemma Correll,Gemma Correll,Book,The Worrier's Guide to Life,Suffolk,United Kingdom,United Kingdom,United Kingdom,UK,The Worrier's Guide to Life,No,Female,English,49,,Region,2017,1984,90,72,112,1,4.5,4.5,49
George Orwell,George Orwell,Book,1984,Motihari,India,India,India,World other,1984,No,Male,Hungarian,49,,Region,2011,1903,93,73,374,1,4.65,3,49
George R. R. Martin,George R. R. Martin,Book,Trónok harca,Bayonne,USA,USA,USA,USA,Game of Thrones,No,Male,Hungarian,49,New Jersey,Region,2012,1948,95,74,926,1,4.75,5,49
Gerald Durrell,Gerald Durrell,Ebook,Családom és egyéb állatfajták,Jamshedpur,India,India,India,World other,My Family and Other Animals,No,Male,Hungarian,49,,Region,2012,1925,92,75,384,1,4.6,4,49
Graeme Simsion,Graeme Simsion,Book,The Rosie Project,Auckland,New Zealand,New Zealand,New Zealand,World other,The Rosie Project,No,Male,English,49,,Region,2018,1957,88,76,330,1,4.4,3.5,49
Guy de Maupassant,Guy de Maupassant,Book,A Szépfiú,Château de Miromesnil,France,France,France,France,Bel Ami,No,Male,Hungarian,49,,Region,2011,1850,86,77,438,1,4.3,4,49
György Dragomán,György Dragomán,Book,Máglya,Târgu Mureș,Romania,Romania,Romania,Europe other,-,No,Male,Hungarian,49,,Region,2016,1973,90,78,444,1,4.5,4,49
Gyula Krúdy,Gyula Krúdy,Book,Szindbád,Nyíregyháza,Hungary,Hungary,Hungary,Hungary,The Adventures of Sindbad,No,Male,Hungarian,49,,Region,2017,1878,87,79,320,1,4.35,4.5,49
Hans Rosling,Hans Rosling,Book,Factfulness,Uppsala,Sweden,Sweden,Sweden,Europe other,Factfulness,Yes,Male,English,49,,Region,2018,1948,91,81,345,1,4.55,5,49
Harper Lee,Harper Lee,Book,Ne bántsátok a feketerigót,Monroeville,USA,USA,USA,USA,To Kill a Mockingbird,No,Female,Hungarian,49,Alabama,Region,2011,1926,94,82,412,1,4.7,5,49
Harper Lee,Harper Lee,Book,"Menj, állíts őrt!",Monroeville,USA,USA,USA,USA,Go Set a Watchman,No,Female,Hungarian,49,Alabama,Region,2016,1926,78,83,296,1,3.9,3.5,49
Haruki Murakami,Haruki Murakami,Book,1Q84,Kyoto,Japan,Japan,Japan,World other,1Q84,No,Male,English,49,,Region,2012,1949,88,84,1320,1,4.4,4.5,49
Herman Koch,Herman Koch,Book,A vacsora,Arnhem,Netherlands,Netherlands,Netherlands,Europe other,The Dinner,No,Male,Hungarian,49,,Region,2015,1953,80,85,294,1,4,4.5,49
Ingmar Bergman,Ingmar Bergman,Book,Jelenetek ​egy házasságból,Uppsala,Sweden,Sweden,Sweden,Europe other,Scenes from a Marriage,No,Male,Hungarian,49,,Region,2011,1918,87,86,186,1,4.35,5,49
Ingmar Bergman,Ingmar Bergman,Book,Vasárnapi gyerekek,Uppsala,Sweden,Sweden,Sweden,Europe other,Sunday's Children,No,Male,Hungarian,49,,Region,2015,1918,90,87,168,1,4.5,4,49
István Csukás,István Csukás,Book,Nyár a szigeten,Kisújszállás,Hungary,Hungary,Hungary,Hungary,-,No,Male,Hungarian,49,,Region,2011,1936,91,88,242,1,4.55,3.5,49
István Lakatos,István Lakatos,Book,Lencsilány,Budapest,Hungary,Hungary,Hungary,Hungary,-,No,Male,Hungarian,49,,Region,2019,1980,83,89,56,1,4.15,4.5,49
J. D. Salinger,J. D. Salinger,Book,Zabhegyező,New York,USA,USA,USA,USA,The Catcher in the Rye,Yes,Male,Hungarian,49,New York,Region,2010,1919,78,90,254,1,3.9,5,49
J. D. Salinger,J. D. Salinger,Book,Franny és Zooey,New York,USA,USA,USA,USA,Franny and Zoey,No,Male,Hungarian,49,New York,Region,2012,1919,82,91,220,1,4.1,4,49
J. D. Salinger,J. D. Salinger,Book,Magasabbra a tetőt ácsok / Seymour: Bemutatás,New York,USA,USA,USA,USA,"Rise High the Roof Beam, Carpenters / Seymour: An Introduction",No,Male,Hungarian,49,New York,Region,2013,1919,83,92,262,1,4.15,3.5,49
J. D. Salinger,J. D. Salinger,Book,Kilenc történet,New York,USA,USA,USA,USA,Nine Stories,No,Male,Hungarian,49,New York,Region,2015,1919,88,93,288,1,4.4,4.5,49
J. D. Salinger,J. D. Salinger,Book,Rozsban a fogó,New York,USA,USA,USA,USA,The Catcher in the Rye,No,Male,Hungarian,49,New York,Region,2015,1919,86,94,306,1,4.3,4.5,49
J. K. Rowling,J. K. Rowling,Ebook,Harry Potter and the Philosopher's Stone,Yate,United Kingdom,United Kingdom,United Kingdom,UK,Harry Potter and the Philosopher's Stone,No,Female,English,49,,Region,2012,1965,97,95,320,1,4.85,5,49
J. K. Rowling,J. K. Rowling,Ebook,Harry Potter and the Chamber of Secrets,Yate,United Kingdom,United Kingdom,United Kingdom,UK,Harry Potter and the Chamber of Secrets,No,Female,English,49,,Region,2012,1965,95,96,252,1,4.75,5,49
J. K. Rowling,J. K. Rowling,Ebook,Harry Potter and the Prisoner of Azkaban,Yate,United Kingdom,United Kingdom,United Kingdom,UK,Harry Potter and the Prisoner of Azkaban,Yes,Female,English,49,,Region,2012,1965,97,97,318,1,4.85,5,49
J. K. Rowling,J. K. Rowling,Book,Harry Potter and the Goblet of Fire,Yate,United Kingdom,United Kingdom,United Kingdom,UK,Harry Potter and the Goblet of Fire,No,Female,English,49,,Region,2012,1965,94,98,636,1,4.7,5,49
J. K. Rowling,J. K. Rowling,Book,Harry Potter and the Order of the Phoenix,Yate,United Kingdom,United Kingdom,United Kingdom,UK,Harry Potter and the Order of the Phoenix,No,Female,English,49,,Region,2012,1965,91,99,766,1,4.55,3.5,49
J. K. Rowling,J. K. Rowling,Book,Harry Potter and the Half-Blood Prince,Yate,United Kingdom,United Kingdom,United Kingdom,UK,Harry Potter and the Half-Blood Prince,No,Female,English,49,,Region,2012,1965,95,100,608,1,4.75,5,49
J. K. Rowling,J. K. Rowling,Book,Harry Potter and the Deathly Hallows,Yate,United Kingdom,United Kingdom,United Kingdom,UK,Harry Potter and the Deathly Hallows,No,Female,English,49,,Region,2012,1965,94,101,608,1,4.7,5,49
J. K. Rowling,J. K. Rowling,Book,Átmeneti üresedés,Yate,United Kingdom,United Kingdom,United Kingdom,UK,Casual Vacancy,No,Female,Hungarian,49,,Region,2012,1965,84,102,574,1,4.2,2,49
J. K. Rowling,J. K. Rowling,Ebook,Harry Potter and the Philosopher's Stone,Yate,United Kingdom,United Kingdom,United Kingdom,UK,Harry Potter and the Philosopher's Stone,No,Female,English,49,,Region,2017,1965,97,103,320,1,4.85,5,49
J. K. Rowling,J. K. Rowling,Ebook,Harry Potter and the Chamber of Secrets,Yate,United Kingdom,United Kingdom,United Kingdom,UK,Harry Potter and the Chamber of Secrets,No,Female,English,49,,Region,2017,1965,95,104,252,1,4.75,5,49
J. K. Rowling,J. K. Rowling,Ebook,The Tales of Beedle the Bard,Yate,United Kingdom,United Kingdom,United Kingdom,UK,The Tales of Beedle the Bard,No,Female,English,49,,Region,2018,1965,89,105,160,1,4.45,4,49
J. K. Rowling,J. K. Rowling,Ebook,Harry Potter and the Prisoner of Azkaban,Yate,United Kingdom,United Kingdom,United Kingdom,UK,Harry Potter and the Prisoner of Azkaban,Yes,Female,English,49,,Region,2018,1965,97,106,318,1,4.85,5,49
J. K. Rowling,J. K. Rowling,Ebook,Harry Potter and the Goblet of Fire,Yate,United Kingdom,United Kingdom,United Kingdom,UK,Harry Potter and the Goblet of Fire,No,Female,English,49,,Region,2018,1965,94,107,636,1,4.7,5,49
J. R. R. Tolkien,J. R. R. Tolkien,Book,A Gyűrűk Ura,Bloemfontein,South Africa,South Africa,South Africa,World other,The Lord of the Rings,No,Male,Hungarian,49,,Region,2015,1892,93,109,1774,1,4.65,4.5,49
Jack Kerouac,Jack Kerouac,Book,Úton,Lowell,USA,USA,USA,USA,On the Road,Yes,Male,Hungarian,49,Massachusetts,Region,2009,1922,77,110,340,1,3.85,5,49
Jack Kerouac,Jack Kerouac,Book,Úton,Lowell,USA,USA,USA,USA,On the Road,Yes,Male,Hungarian,49,Massachusetts,Region,2012,1922,82,111,482,1,4.1,4.5,49
Jane Austen,Jane Austen,Ebook,Büszkeség és balítélet,Steventon,United Kingdom,United Kingdom,United Kingdom,UK,Pride and Prejudice,No,Female,Hungarian,49,,Region,2018,1775,93,112,336,1,4.65,3,49
Jenő Rejtő,Jenő Rejtő,Book,A tizennégy karátos autó,Budapest,Hungary,Hungary,Hungary,Hungary,-,No,Male,Hungarian,49,,Region,2019,1905,89,113,234,1,4.45,3.5,49
Joanne Harris,Joanne Harris,Book,Csokoládé,Barnsley,United Kingdom,United Kingdom,United Kingdom,UK,Chocolat,No,Female,Hungarian,49,,Region,2009,1964,86,114,310,1,4.3,5,49
Joanne Harris,Joanne Harris,Book,Partvidékiek,Barnsley,United Kingdom,United Kingdom,United Kingdom,UK,Coastliners,No,Female,Hungarian,49,,Region,2009,1964,82,115,408,1,4.1,4.5,49
Joanne Harris,Joanne Harris,Book,Szederbor,Barnsley,United Kingdom,United Kingdom,United Kingdom,UK,Blackberry Wine,No,Female,Hungarian,49,,Region,2009,1964,85,116,340,1,4.25,5,49
Joanne Harris,Joanne Harris,Book,Csokoládécipő,Barnsley,United Kingdom,United Kingdom,United Kingdom,UK,The Lollipop Shoes,No,Female,Hungarian,49,,Region,2010,1964,86,117,564,1,4.3,3.5,49
Joanne Harris,Joanne Harris,Book,Szent bolondok,Barnsley,United Kingdom,United Kingdom,United Kingdom,UK,Holy Fools,No,Female,Hungarian,49,,Region,2010,1964,82,118,396,1,4.1,3.5,49
Joanne Harris,Joanne Harris,Book,Rúnajelek,Barnsley,United Kingdom,United Kingdom,United Kingdom,UK,Runemarks,No,Female,Hungarian,49,,Region,2010,1964,82,119,656,1,4.1,3,49
Joanne Harris,Joanne Harris,Book,Csokoládés barack,Barnsley,United Kingdom,United Kingdom,United Kingdom,UK,Peaches for Monsieur le Curé,No,Female,Hungarian,49,,Region,2014,1964,90,120,540,1,4.5,4,49
Joanne Harris,Joanne Harris,Ebook,Az epertolvaj,Barnsley,United Kingdom,United Kingdom,United Kingdom,UK,The Strawberry Thief,No,Female,Hungarian,49,,Region,2019,1964,96,121,436,1,4.8,5,49
John Marrs,John Marrs,Ebook,The One,Northamptonshire,United Kingdom,United Kingdom,United Kingdom,UK,The One,No,Male,English,49,,Region,2019,,91,122,368,1,4.55,4,49
John Osborne,John Osborne,Book,Dühöngő Ifjúság,London,United Kingdom,United Kingdom,United Kingdom,UK,Look Back in Anger,No,Male,Hungarian,49,,Region,2013,1929,87,123,110,1,4.35,5,49
John Steinbeck,John Steinbeck,Book,Édentől keletre,Salinas,USA,USA,USA,USA,East of Eden,No,Male,Hungarian,49,California,Region,2010,1902,94,124,746,1,4.7,5,49
John Steinbeck,John Steinbeck,Book,Egerek és emberek,Salinas,USA,USA,USA,USA,Of Mice and Men,No,Male,Hungarian,49,California,Region,2011,1902,91,125,102,1,4.55,4.5,49
John Updike,John Updike,Book,Az eastwicki boszorkányok,Reading,USA,USA,USA,USA,The witches of Eastwick,Yes,Male,Hungarian,49,Pennsylvania,Region,2010,1932,78,126,332,1,3.9,5,49
John Updike,John Updike,Book,Párok,Reading,USA,USA,USA,USA,Couples,Yes,Male,Hungarian,49,Pennsylvania,Region,2010,1932,82,127,412,1,4.1,5,49
John Updike,John Updike,Book,Nyúlcipő,Reading,USA,USA,USA,USA,"Rabbit, Run",Yes,Male,Hungarian,49,Pennsylvania,Region,2010,1932,82,128,320,1,4.1,5,49
John Updike,John Updike,Book,Nyúlketrec,Reading,USA,USA,USA,USA,"Rabbit, Redux",No,Male,Hungarian,49,Pennsylvania,Region,2010,1932,85,129,418,1,4.25,4.5,49
John Updike,John Updike,Book,Gyere hozzám feleségül,Reading,USA,USA,USA,USA,Marry Me,No,Male,Hungarian,49,Pennsylvania,Region,2011,1932,79,130,286,1,3.95,5,49
John Updike,John Updike,Book,Nyúlháj,Reading,USA,USA,USA,USA,"Rabbit, Rich",Yes,Male,Hungarian,49,Pennsylvania,Region,2011,1932,88,131,462,1,4.4,5,49
John Updike,John Updike,Book,Nyúlszív,Reading,USA,USA,USA,USA,Rabbit At Rest,Yes,Male,Hungarian,49,Pennsylvania,Region,2011,1932,91,132,526,1,4.55,5,49
John Updike,John Updike,Book,Nyúlfark,Reading,USA,USA,USA,USA,Rabbit Remembered,No,Male,Hungarian,49,Pennsylvania,Region,2011,1932,84,133,212,1,4.2,4.5,49
John Updike,John Updike,Book,Brazília,Reading,USA,USA,USA,USA,Brazil,No,Male,Hungarian,49,Pennsylvania,Region,2011,1932,89,134,270,1,4.45,3,49
John Updike,John Updike,Book,Így látja Roger,Reading,USA,USA,USA,USA,Roger's Version,No,Male,Hungarian,49,Pennsylvania,Region,2012,1932,84,135,322,1,4.2,4,49
John Updike,John Updike,Book,Nyúlcipő,Reading,USA,USA,USA,USA,"Rabbit, Run",Yes,Male,Hungarian,49,Pennsylvania,Region,2019,1932,82,136,320,1,4.1,5,49
Jojo Moyes,Jojo Moyes,Book,Mielőtt megismertelek,Maidstone,United Kingdom,United Kingdom,United Kingdom,UK,Me Before You,No,Female,Hungarian,49,,Region,2018,1969,95,137,484,1,4.75,4,49
Jon Krakauer,Jon Krakauer,Book,Út a vadonba,Brookline,USA,USA,USA,USA,Into the wild,No,Male,Hungarian,49,Massachusetts,Region,2010,1954,83,138,200,1,4.15,5,49
Jonathan Franzen,Jonathan Franzen,Book,Javítások,Western Springs,USA,USA,USA,USA,Corrections,No,Male,Hungarian,49,Illinois,Region,2013,1959,91,139,632,1,4.55,4.5,49
Jonathan Franzen,Jonathan Franzen,Book,Erős rengés,Western Springs,USA,USA,USA,USA,Strong Motion,No,Male,Hungarian,49,Illinois,Region,2014,1959,81,140,574,1,4.05,4,49
Jonathan Franzen,Jonathan Franzen,Book,Szabadság,Western Springs,USA,USA,USA,USA,Freedom,Yes,Male,Hungarian,49,Illinois,Region,2014,1959,90,141,636,1,4.5,5,49
Jonathan Franzen,Jonathan Franzen,Book,Diszkomfortzóna,Western Springs,USA,USA,USA,USA,Discomfortzone,No,Male,Hungarian,49,Illinois,Region,2015,1959,88,142,288,1,4.4,4,49
Jonathan Franzen,Jonathan Franzen,Ebook,Purity,Western Springs,USA,USA,USA,USA,Purity,No,Male,English,49,Illinois,Region,2015,1959,84,143,578,1,4.2,4,49
Joseph Heller,Joseph Heller,Book,Valami történt,Coney Island,USA,USA,USA,USA,Something Happened,No,Male,Hungarian,49,New York,Region,2012,1923,85,144,546,1,4.25,3.5,49
Karl Ove Knausgard,Karl Ove Knausgard,Ebook,Halál,Oslo,Norway,Norway,Norway,Europe other,A Death in the Family,Yes,Male,Hungarian,49,,Region,2018,1968,92,145,436,1,4.6,5,49
Karl Ove Knausgard,Karl Ove Knausgard,Ebook,Szerelem,Oslo,Norway,Norway,Norway,Europe other,A Man In Love,No,Male,Hungarian,49,,Region,2018,1968,93,146,588,1,4.65,4.5,49
Karl Ove Knausgard,Karl Ove Knausgard,Book,Játék,Oslo,Norway,Norway,Norway,Europe other,Boyhood Island,No,Male,Hungarian,49,,Region,2019,1968,94,147,416,1,4.7,4.5,49
Karl Ove Knausgard,Karl Ove Knausgard,Book,Élet,Oslo,Norway,Norway,Norway,Europe other,Dancing in the Dark,No,Male,Hungarian,49,,Region,2019,1968,95,148,480,1,4.75,5,49
Kelly Barnhill,Kelly Barnhill,Ebook,The Girl Who Drank the Moon,Minneapolis,USA,USA,USA,USA,The Girl Who Drank the Moon,No,Female,English,49,Minnesota,Region,2019,1973,94,149,400,1,4.7,4.5,49
Ken Kesey,Ken Kesey,Book,Száll a kakukk fészkére,La Junta,USA,USA,USA,USA,One ​Flew Over the Cuckoo's Nest,No,Male,Hungarian,49,Colorado,Region,2010,1935,91,150,374,1,4.55,4,49
Kerstin Gier,Kerstin Gier,Ebook,Ruby Red,Bergisch Gladbach,Germany,Germany,Germany,Europe other,Ruby Red,No,Female,English,49,,Region,2013,1966,89,151,330,1,4.45,4.5,49
Krisztián Grecsó,Krisztián Grecsó,Ebook,Mellettem elférsz,Szegvár,Hungary,Hungary,Hungary,Hungary,-,No,Male,Hungarian,49,,Region,2013,1976,85,152,288,1,4.25,4,49
Krisztián Grecsó,Krisztián Grecsó,Book,Megyek utánad,Szegvár,Hungary,Hungary,Hungary,Hungary,-,No,Male,Hungarian,49,,Region,2014,1976,82,153,304,1,4.1,4.5,49
Krisztián Grecsó,Krisztián Grecsó,Book,Jelmezbál,Szegvár,Hungary,Hungary,Hungary,Hungary,-,No,Male,Hungarian,49,,Region,2016,1976,84,154,296,1,4.2,4,49
Krisztián Grecsó,Krisztián Grecsó,Book,30 és napsütés,Szegvár,Hungary,Hungary,Hungary,Hungary,-,No,Male,Hungarian,49,,Region,2017,1976,87,155,234,1,4.35,3.5,49
Krisztián Nyáry,Krisztián Nyáry,Book,Így szerettek ők,Budapest,Hungary,Hungary,Hungary,Hungary,-,No,Male,Hungarian,49,,Region,2013,1972,91,156,130,1,4.55,4.5,49
Kurt Vonnegut,Kurt Vonnegut,Book,Hókuszpókusz,Indianapolis,USA,USA,USA,USA,Hocus Pocus,No,Male,Hungarian,49,Indiana,Region,2009,1922,89,157,352,1,4.45,3.5,49
Kurt Vonnegut,Kurt Vonnegut,Book,Az ötösszámú vágóhíd,Indianapolis,USA,USA,USA,USA,Slaughterhouse-Five,No,Male,Hungarian,49,Indiana,Region,2017,1922,89,158,232,1,4.45,4,49
Kyung-sook Shin,Kyung-sook Shin,Book,Vigyázzatok anyára!,Jeongeup-si,South Korea,South Korea,South Korea,World other,Please Look After Mom,No,Female,Hungarian,49,,Region,2016,1963,86,159,244,1,4.3,5,49
Lajos Kassák,Lajos Kassák,Book,"A ló meghal, a madarak kirepülnek",Nové Zámky,Slovakia,Slovakia,Slovakia,Europe other,The horse dies the birds fly off,No,Male,Hungarian,49,,Region,2013,1887,78,160,48,1,3.9,3.5,49
Lajos Parti Nagy,Lajos Parti Nagy,Book,A fagyott kutya lába,Szekszárd,Hungary,Hungary,Hungary,Hungary,-,No,Male,Hungarian,49,,Region,2018,1953,81,161,226,1,4.05,3.5,49
Lajos Szilvási,Lajos Szilvási,Book,Egymás szemében,Szolnok,Hungary,Hungary,Hungary,Hungary,In each others eyes,No,Male,Hungarian,49,,Region,2010,1932,88,162,442,1,4.4,1.5,49
László Darvasi,László Darvasi,Book,"A zord apa, avagy a Werner-lány hiteles története",Törökszentmiklós,Hungary,Hungary,Hungary,Hungary,-,No,Male,Hungarian,49,,Region,2013,1962,87,163,142,1,4.35,4,49
László Krasznahorkai,László Krasznahorkai,Book,Sátántangó,Gyula,Hungary,Hungary,Hungary,Hungary,Satantango,No,Male,Hungarian,49,,Region,2013,1954,92,164,274,1,4.6,5,49
László Németh,László Németh,Book,Iszony,Baia Mare,Romania,Romania,Romania,Europe other,Revulsion,No,Male,Hungarian,49,,Region,2011,1901,86,165,502,1,4.3,5,49
László Potozky,László Potozky,Book,Éles,Miercurea Ciuc,Romania,Romania,Romania,Europe other,-,No,Male,Hungarian,49,,Region,2015,1988,79,166,236,1,3.95,4,49
Lennart Frick,Lennart Frick,Book,Ráklépésben,Ytterturingen,Sweden,Sweden,Sweden,Europe other,-,No,Male,Hungarian,49,,Region,2013,1939,87,167,208,1,4.35,4.5,49
Lev Tolsztoj,Lev Tolsztoj,Book,Anna Karenina,Yasnaya Polyana,Russia,Russia,Russia,Europe other,Anna Karenina,No,Male,Hungarian,49,,Region,2011,1828,86,168,842,1,4.3,4,49
Ljudmila Ulickaja,Ljudmila Ulickaja,Ebook,Szonyecska,Davlekanovo,Russia,Russia,Russia,Europe other,Sonjecka,No,Female,Hungarian,49,,Region,2016,1943,81,169,92,1,4.05,4,49
Louisa May Alcott,Louisa May Alcott,Ebook,Kisasszonyok,Germantown,USA,USA,USA,USA,Little Women,No,Female,Hungarian,49,Pennsylvania,Region,2019,1832,85,170,345,1,4.25,4,49
Magda Szabó,Magda Szabó,Ebook,Pilátus,Debrecen,Hungary,Hungary,Hungary,Hungary,Iza's ballad,No,Female,Hungarian,49,,Region,2012,1917,94,171,280,1,4.7,3.5,49
Magda Szabó,Magda Szabó,Ebook,Abigél,Debrecen,Hungary,Hungary,Hungary,Hungary,Abigail,No,Female,Hungarian,49,,Region,2012,1917,95,172,396,1,4.75,4.5,49
Magda Szabó,Magda Szabó,Book,Mézescsók Cerberusnak,Debrecen,Hungary,Hungary,Hungary,Hungary,-,No,Female,Hungarian,49,,Region,2015,1917,92,173,248,1,4.6,4,49
Margaret Atwood,Margaret Atwood,Ebook,A szolgálólány meséje,Ottawa,Canada,Canada,Canada,World other,The Handmaid's Tale,No,Female,Hungarian,49,,Region,2017,1939,85,175,478,1,4.25,4,49
Margaret Mitchell,Margaret Mitchell,Book,Elfújta a szél,Atlanta,USA,USA,USA,USA,Gone with the Wind,Yes,Female,Hungarian,49,Georgia,Region,2014,1900,93,176,1176,1,4.65,5,49
Mari Andrew,Mari Andrew,Book,Am I There Yet?,Seattle,USA,USA,USA,USA,Am I There Yet?,Yes,Female,English,49,Washington,Region,2018,1987,100,177,192,1,5,5,49
Marjane Satrapi,Marjane Satrapi,Ebook,Persepolis,Rasht,Iran,Iran,Iran,World other,Persepolis,No,Female,English,49,,Region,2016,1969,98,178,160,1,4.9,5,49
Marjane Satrapi,Marjane Satrapi,Ebook,Persepolis 2.,Rasht,Iran,Iran,Iran,World other,Persepolis 2.,No,Female,English,49,,Region,2016,1969,88,179,188,1,4.4,4.5,49
Mark Manson,Mark Manson,Book,The Subtle Art of Not Giving a F*ck,Austin,USA,USA,USA,USA,The Subtle Art of Not Giving a F*ck,No,Male,English,49,Texas,Region,2019,1984,86,180,230,1,4.3,4,49
Marta Breen - Jenny Jordahl,Marta Breen - Jenny Jordahl,Book,Nagyszerű nők,Larvik,Norway,Norway,Norway,Europe other,Great Women,No,Female,Hungarian,49,,Region,2019,1976,88,181,120,1,4.4,4,49
Márton Gerlóczy,Márton Gerlóczy,Book,Mikecs Anna: Altató,Budapest,Hungary,Hungary,Hungary,Hungary,-,No,Male,Hungarian,49,,Region,2018,1981,92,183,448,1,4.6,4,49
Márton István Szabó,Márton István Szabó,Ebook,Másodlagos kötések,Budapest,Hungary,Hungary,Hungary,Hungary,-,No,Male,Hungarian,49,,Region,2017,1993,78,184,48,1,3.9,3,49
Márton Simon,Márton Simon,Book,Polaroidok,Kalocsa,Hungary,Hungary,Hungary,Hungary,-,No,Male,Hungarian,49,,Region,2013,1984,85,185,88,1,4.25,5,49
Márton Simon,Márton Simon,Book,Dalok a magasföldszintről,Kalocsa,Hungary,Hungary,Hungary,Hungary,-,No,Male,Hungarian,49,,Region,2013,1984,90,186,56,1,4.5,4,49
Márton Simon,Márton Simon,Ebook,Rókák esküvője,Kalocsa,Hungary,Hungary,Hungary,Hungary,-,No,Male,Hungarian,49,,Region,2018,1984,81,187,108,1,4.05,3,49
Mary Ann Shaffer - Annie Barrows,Mary Ann Shaffer - Annie Barrows,Book,Krumplihéjpite Irodalmi Társaság,Martinsburg,USA,USA,USA,USA,The Guernsey Literary and Potato Peel Pie Society,No,Female,Hungarian,49,West Virginia,Region,2014,1934,92,188,290,1,4.6,4.5,49
Matthew Quick,Matthew Quick,Ebook,Silver Linings Playbook,Camden,USA,USA,USA,USA,Silver Linings Playbook,No,Male,English,49,New Jersey,Region,2013,1973,84,189,290,1,4.2,3.5,49
Mátyás Szöllősi,Mátyás Szöllősi,Book,Váltóáram,Budapest,Hungary,Hungary,Hungary,Hungary,-,No,Male,Hungarian,49,,Region,2016,1984,86,190,308,1,4.3,5,49
Mihail Bulgakov,Mihail Bulgakov,Book,A Mester és Margarita,Kiev,Ukraine,Ukraine,Ukraine,Europe other,The Master and Margarita,No,Male,Hungarian,49,,Region,2011,1891,91,191,576,1,4.55,5,49
Mihail Dostoevsky,Mihail Dostoevsky,Book,Bűn és bűnhődés,Moscow,Russia,Russia,Russia,Europe other,Crime and Punishment,No,Male,Hungarian,49,,Region,2012,1821,91,192,878,1,4.55,4.5,49
Mihály Sükösd,Mihály Sükösd,Book,Hemingway világa,Budapest,Hungary,Hungary,Hungary,Hungary,-,No,Male,Hungarian,49,,Region,2011,1933,84,193,210,1,4.2,3.5,49
Mike Lowery,Mike Lowery,Book,Random Illustrated Facts,Atlanta,USA,USA,USA,USA,Random Illustrated Facts,No,Male,English,49,Georgia,Region,2017,,100,194,208,1,5,5,49
Miklós Vámos,Miklós Vámos,Book,Zenga zének,Budapest,Hungary,Hungary,Hungary,Hungary,Sing a song,No,Male,Hungarian,49,,Region,2011,1950,91,195,368,1,4.55,4.5,49
Miklós Vámos,Miklós Vámos,Book,Szitakötő,Budapest,Hungary,Hungary,Hungary,Hungary,-,No,Male,Hungarian,49,,Region,2013,1950,84,196,432,1,4.2,4,49
Milán Füst,Milán Füst,Ebook,Feleségem története,Budapest,Hungary,Hungary,Hungary,Hungary,The story of my wife,Yes,Male,Hungarian,49,,Region,2012,1888,82,197,406,1,4.1,5,49
Milan Kundera,Milan Kundera,Book,The ​Unbearable Lightness of Being,Brno,Czech Republic,Czech Republic,Czech Republic,Europe other,The ​Unbearable Lightness of Being,Yes,Male,English,49,,Region,2011,1929,83,198,312,1,4.15,5,49
Milan Kundera,Milan Kundera,Book,Búcsúkeringő,Brno,Czech Republic,Czech Republic,Czech Republic,Europe other,The Farewell Waltz,No,Male,Hungarian,49,,Region,2014,1929,88,199,228,1,4.4,4,49
Miklós Vámos,Miklós Vámos,Book,Bár,Budapest,Hungary,Hungary,Hungary,Hungary,Bar,No,Male,Hungarian,49,,Region,2010,1950,87,200,220,1,4.35,4,49
Nathan Hill,Nathan Hill,Book,NIX,Cedar Rapids,USA,USA,USA,USA,NIX,No,Male,Hungarian,49,Iowa,Region,2019,1975,87,202,692,1,4.35,4.5,49
Nathaniel Hawthorne,Nathaniel Hawthorne,Book,A sklarlát betű,Salem,USA,USA,USA,USA,The Scarlet Letter,No,Male,Hungarian,49,Massachusetts,Region,2018,1804,79,203,260,1,3.95,3.5,49
Neil Gaiman,Neil Gaiman,Book,Törékeny holmik,Porchester,United Kingdom,United Kingdom,United Kingdom,UK,Fragile Things,No,Male,Hungarian,49,,Region,2009,1960,77,204,320,1,3.85,3,49
Neil Gaiman,Neil Gaiman,Book,Anansi ​fiúk,Porchester,United Kingdom,United Kingdom,United Kingdom,UK,Anansi Boys,No,Male,Hungarian,49,,Region,2011,1960,86,205,278,1,4.3,4.5,49
Neil Gaiman,Neil Gaiman,Book,Óceán az út végén,Porchester,United Kingdom,United Kingdom,United Kingdom,UK,The Ocean at the End of the Lane,No,Male,Hungarian,49,,Region,2013,1960,88,206,180,1,4.4,4,49
Neil Gaiman,Neil Gaiman,Ebook,"Fortunately, the Milk",Porchester,United Kingdom,United Kingdom,United Kingdom,UK,"Fortunately, the Milk",Yes,Male,English,49,,Region,2016,1960,94,207,160,1,4.7,5,49
Neil Gaiman,Neil Gaiman,Ebook,"Fortunately, the Milk",Porchester,United Kingdom,United Kingdom,United Kingdom,UK,"Fortunately, the Milk",Yes,Male,English,49,,Region,2018,1960,94,208,160,1,4.7,5,49
Neil Gaiman,Neil Gaiman,Ebook,"Fortunately, the Milk",Porchester,United Kingdom,United Kingdom,United Kingdom,UK,"Fortunately, the Milk",Yes,Male,English,49,,Region,2019,1960,94,209,160,1,4.7,5,49
Neil Gaiman,Neil Gaiman,Book,Sandman,Porchester,United Kingdom,United Kingdom,United Kingdom,UK,Sandman,No,Male,Hungarian,49,,Region,2019,1960,97,210,560,1,4.85,4,49
Newt Scamander,Newt Scamander,Ebook,Fantastic Beasts and Where to Find Them,Yate,United Kingdom,United Kingdom,United Kingdom,UK,Fantastic Beasts and Where to Find Them,No,Female,English,49,,Region,2018,1965,86,211,160,1,4.3,3.5,49
Nick Hornby,Nick Hornby,Book,High Fidelity,Redhill,United Kingdom,United Kingdom,United Kingdom,UK,High Fidelity,Yes,Male,English,49,,Region,2010,1957,89,212,248,1,4.45,5,49
Nick Hornby,Nick Hornby,Book,A long way down,Redhill,United Kingdom,United Kingdom,USA,UK,A long way down,No,Male,English,49,,Region,2011,1957,87,213,256,1,4.35,4.5,49
Nick Hornby,Nick Hornby,Book,Funny Girl,Redhill,United Kingdom,United Kingdom,United Kingdom,UK,Funny Girl,No,Male,English,49,,Region,2016,1957,80,214,256,1,4,3.5,49
Olivér Csepella,Olivér Csepella,Book,Nyugat Zombik,,Hungary,Hungary,Hungary,Hungary,-,No,Male,Hungarian,49,,Region,2017,,77,215,264,1,3.85,3,49
Orsolya Karafiáth,Orsolya Karafiáth,Book,Cigánykártya,Budapest,Hungary,Hungary,Hungary,Hungary,-,No,Female,Hungarian,49,,Region,2010,1976,83,216,114,1,4.15,5,49
Orsolya Karafiáth,Orsolya Karafiáth,Book,Kicsi Lili,Budapest,Hungary,Hungary,Hungary,Hungary,-,No,Female,Hungarian,49,,Region,2012,1976,75,217,268,1,3.75,4.5,49
Oscar Wilde,Oscar Wilde,Book,Dorian ​Gray arcképe,Dublin,Ireland,Ireland,Ireland,Europe other,The Picture of Dorian ​Gray,Yes,Male,Hungarian,49,,Region,2010,1854,91,218,330,1,4.55,5,49
Pál Závada,Pál Závada,Book,Jadviga párnája,Tótkomlós,Slovakia,Slovakia,Slovakia,Europe other,-,No,Male,Hungarian,49,,Region,2015,1954,83,219,444,1,4.15,3.5,49
Pascal Bruckner,Pascal Bruckner,Book,Keserű méz,Paris,France,France,France,France,Bitter Moon,Yes,Male,Hungarian,49,,Region,2009,1948,80,220,208,1,4,5,49
Paul Auster,Paul Auster,Ebook,Moonpalace,Newark,USA,USA,USA,USA,Moonpalace,No,Male,English,49,New Jersey,Region,2018,1947,97,221,320,1,4.85,4.5,49
Paula McLain,Paula McLain,Book,A párizsi feleség,Fresno,USA,USA,USA,USA,The Paris Wife,No,Female,Hungarian,49,California,Region,2014,1965,87,222,376,1,4.35,4,49
Péter Esterházy,Péter Esterházy,Ebook,Hasnyálmirigynapló,Budapest,Hungary,Hungary,Hungary,Hungary,-,No,Male,Hungarian,49,,Region,2017,1950,90,223,238,1,4.5,5,49
Péter Esterházy,Péter Esterházy,Ebook,Egy nő,Budapest,Hungary,Hungary,Hungary,Hungary,-,No,Male,Hungarian,49,,Region,2017,1950,79,224,174,1,3.95,4,49
Péter Gárdos,Péter Gárdos,Ebook,Hajnali láz,Budapest,Hungary,Hungary,Hungary,Hungary,Fever at Dawn,No,Male,Hungarian,49,,Region,2016,1948,90,225,284,1,4.5,4,49
Péter Závada,Péter Závada,Book,Ahol megszakad,Budapest,Hungary,Hungary,Hungary,Hungary,-,No,Male,Hungarian,49,,Region,2013,1982,90,226,72,1,4.5,4.5,49
Péter Závada,Péter Závada,Book,Mész,Budapest,Hungary,Hungary,Hungary,Hungary,-,No,Male,Hungarian,49,,Region,2015,1982,81,227,74,1,4.05,4,49
Péter Závada,Péter Závada,Book,Roncs szélárnyékban,Budapest,Hungary,Hungary,Hungary,Hungary,-,No,Male,Hungarian,49,,Region,2017,1982,79,228,92,1,3.95,4,49
Péter Závada,Péter Závada,Book,Je suis Anphitryon,Budapest,Hungary,Hungary,Hungary,Hungary,-,Yes,Male,Hungarian,49,,Region,2018,1982,92,229,54,1,4.6,5,49
Philip Roth,Philip Roth,Book,Pedig milyen jó kislány volt,Newark,USA,USA,USA,USA,When She Was Good,No,Male,Hungarian,49,New Jersey,Region,2011,1933,81,230,298,1,4.05,4,49
Philip Roth,Philip Roth,Book,A Portnoy-kór,Newark,USA,USA,USA,USA,Portnoy's Complaint,No,Male,Hungarian,49,New Jersey,Region,2011,1933,85,231,266,1,4.25,5,49
Prudence Geerts,Prudence Geerts,Ebook,"Bad at Adulting, Good at Feminism",,Belgium,Belgium,Belgium,Europe other,"Bad at Adulting, Good at Feminism",No,Female,English,49,,Region,2018,,80,232,200,1,4,4,49
R. D. Laing,R. D. Laing,Book,Gubancok,Glasgow,United Kingdom,United Kingdom,United Kingdom,UK,Knots,No,Male,Hungarian,49,,Region,2010,1927,93,233,96,1,4.65,4,49
Ransom Riggs,Ransom Riggs,Ebook,Miss ​Peregrine's Home for Peculiar Children,Englewood,USA,USA,USA,USA,Miss ​Peregrine's Home for Peculiar Children,No,Male,English,49,Maryland,Region,2016,1979,78,234,392,1,3.9,4.5,49
Ray Bradbury,Ray Bradbury,Ebook,Fahrenheit 451,Waukegan,USA,USA,USA,USA,Fahrenheit 451,No,Male,Hungarian,49,Illinois,Region,2019,1920,88,235,192,1,4.4,5,49
Robert Capa,Robert Capa,Book,Kissé elmosódva,Budapest,Hungary,Hungary,Hungary,Hungary,Slightly Out of Focus,No,Male,Hungarian,49,,Region,2013,1913,90,236,244,1,4.5,4,49
Robert Galbraith,Robert Galbraith,Book,Kakukkszó,Yate,United Kingdom,United Kingdom,United Kingdom,UK,The Cuckoo's Calling,No,Female,Hungarian,49,,Region,2014,1965,86,237,546,1,4.3,4.5,49
Robert Galbraith,Robert Galbraith,Ebook,The Silkworm,Yate,United Kingdom,United Kingdom,United Kingdom,UK,The Silkworm,No,Female,English,49,,Region,2014,1965,87,238,466,1,4.35,5,49
Robert Galbraith,Robert Galbraith,Ebook,Career of Evil,Yate,United Kingdom,United Kingdom,United Kingdom,UK,Career of Evil,No,Female,English,49,,Region,2016,1965,85,239,512,1,4.25,4,49
Robert Merle,Robert Merle,Book,Védett férfiak,Tebessa,Algeria,Algeria,Algeria,World other,The virility factor,No,Male,Hungarian,49,,Region,2010,1908,87,240,442,1,4.35,5,49
Robert Merle,Robert Merle,Book,A bálvány,Tebessa,Algeria,Algeria,Algeria,World other,The Idol,No,Male,Hungarian,49,,Region,2010,1908,86,241,554,1,4.3,3.5,49
Robert Merle,Robert Merle,Book,Malevil,Tebessa,Algeria,Algeria,Algeria,World other,Malevil,No,Male,Hungarian,49,,Region,2010,1908,90,242,730,1,4.5,5,49
Robert Merle,Robert Merle,Book,Galápagos,Tebessa,Algeria,Algeria,Algeria,World other,Galapagos,No,Male,Hungarian,49,,Region,2010,1908,83,243,342,1,4.15,3.5,49
Robert Merle,Robert Merle,Book,Majomábécé,Tebessa,Algeria,Algeria,Algeria,World other,Le propre de l'homme,No,Male,Hungarian,49,,Region,2010,1908,84,244,460,1,4.2,4,49
Robert Merle,Robert Merle,Book,A sziget,Tebessa,Algeria,Algeria,Algeria,World other,The Island,No,Male,Hungarian,49,,Region,2010,1908,88,245,614,1,4.4,3.5,49
Robert Merle,Robert Merle,Book,Üvegfal mögött,Tebessa,Algeria,Algeria,Algeria,World other,Behind the Glass,No,Male,Hungarian,49,,Region,2012,1908,75,246,524,1,3.75,3,49
Roberto Bolano,Roberto Bolano,Book,Vad nyomozók,Santiago,Chile,Chile,Chile,World other,Savage Detectives,Yes,Male,Hungarian,49,,Region,2019,1953,90,247,762,1,4.5,5,49
Romain Gary,Romain Gary,Ebook,A ​virradat ígérete,Vilnius,Lithuania,Lithuania,Lithuania,Europe other,Promise at Dawn,Yes,Male,Hungarian,49,,Region,2016,1914,94,248,328,1,4.7,5,49
Sally Rooney,Sally Rooney,Ebook,Normal People,Castlebar,Ireland,Ireland,Ireland,Europe other,Normal People,No,Female,English,49,,Region,2019,1991,83,249,266,1,4.15,3,49
Sándor Márai,Sándor Márai,Book,Az Igazi,Košice,Slovakia,Slovakia,Slovakia,Europe other,Portraits of a Marriage,No,Male,Hungarian,49,,Region,2011,1900,91,250,282,1,4.55,5,49
Sándor Tar,Sándor Tar,Ebook,Lassú teher,Hajdúsámson,Hungary,Hungary,Hungary,Hungary,-,No,Male,Hungarian,49,,Region,2018,1941,93,251,224,1,4.65,4.5,49
Sara Pascoe,Sara Pascoe,Book,Animal,Dagenham,United Kingdom,United Kingdom,United Kingdom,UK,Animal,No,Female,English,49,,Region,2019,1981,70,252,336,1,3.5,3.5,49
Sarah Andersen,Sarah Andersen,Book,Adulthood ​Is a Myth,,USA,USA,USA,USA,Adulthood ​Is a Myth,No,Female,English,49,,Region,2017,1992,94,253,112,1,4.7,4.5,49
Sarah Andersen,Sarah Andersen,Book,Big Mushy Happy Lump,,USA,USA,USA,USA,Big Mushy Happy Lump,No,Female,English,49,,Region,2017,1992,92,254,126,1,4.6,5,49
Shelby Lorman,Shelby Lorman,Ebook,Awards for Good Boys,Los Angeles,USA,USA,USA,USA,Awards for Good Boys,No,Female,English,49,California,Region,2019,1994,40,255,208,1,2,2,49
Stephen Chobsky,Stephen Chobsky,Ebook,The Perks of Being a Wallflower,Pittsburgh,USA,USA,USA,USA,The Perks of Being a Wallflower,No,Male,English,49,Pennsylvania,Region,2012,1970,91,256,232,1,4.55,5,49
Stephen King,Stephen King,Ebook,Carrie,Portland,USA,USA,USA,USA,Carrie,No,Male,Hungarian,49,Maine,Region,2012,1947,84,257,282,1,4.2,3.5,49
Stephenie Meyer,Stephenie Meyer,Book,Twilight,Hartford,USA,USA,USA,USA,Twilight,No,Female,English,49,Connecticut,Region,2009,1973,83,258,436,1,4.15,2,49
Stephenie Meyer,Stephenie Meyer,Book,New Moon,Hartford,USA,USA,USA,USA,New Moon,No,Female,English,49,Connecticut,Region,2009,1973,78,259,564,1,3.9,2,49
Stephenie Meyer,Stephenie Meyer,Book,Eclipse,Hartford,USA,USA,USA,USA,Eclipse,No,Female,English,49,Connecticut,Region,2010,1973,84,260,638,1,4.2,2,49
Stieg Larsson,Stieg Larsson,Ebook,The Girl with the Dragon Tattoo,Skelleftehamn,Sweden,Sweden,Sweden,Europe other,The Girl with the Dragon Tattoo,No,Male,English,49,,Region,2014,1954,82,261,562,1,4.1,5,49
Stieg Larsson,Stieg Larsson,Ebook,The Girl who Played with Fire,Skelleftehamn,Sweden,Sweden,Sweden,Europe other,The Girl who Played with Fire,No,Male,English,49,,Region,2015,1954,89,262,576,1,4.45,4,49
Stig Björkman,Stig Björkman,Book,Woody ​– Allenről,Stockholm,Sweden,Sweden,Sweden,Europe other,Woody Allen on Woody Allen,No,Male,Hungarian,49,,Region,2011,1939,79,263,548,1,3.95,3,49
Sylvia Plath,Sylvia Plath,Book,Az üvegbura,Boston,USA,USA,USA,USA,The Bell Jar,No,Female,Hungarian,49,Massachusetts,Region,2013,1932,91,264,236,1,4.55,4.5,49
Szilárd Rubin,Szilárd Rubin,Book,Csirkejáték,Budapest,Hungary,Hungary,Hungary,Hungary,-,No,Male,Hungarian,49,,Region,2013,1927,85,265,214,1,4.25,4.5,49
T. S. Eliot,T. S. Eliot,Book,Koktél hatkor,St. Louis,USA,USA,USA,USA,Coctail Party,Yes,Male,Hungarian,49,Missouri,Region,2011,1888,93,266,136,1,4.65,5,49
Tennessee Williams,Tennessee Williams,Ebook,A vágy villamosa,Columbus,USA,USA,USA,USA,A Streetcar Named Desire,No,Male,Hungarian,49,Mississippi,Region,2012,1911,89,267,126,1,4.45,5,49
Tibor Bödőcs,Tibor Bödőcs,Ebook,Meg se kínáltak,Zalaegerszeg,Hungary,Hungary,Hungary,Hungary,-,No,Male,Hungarian,49,,Region,2019,1982,88,268,200,1,4.4,4,49
Tibor Szobotka,Tibor Szobotka,Book,Megbízható úriember,Budapest,Hungary,Hungary,Hungary,Hungary,-,No,Male,Hungarian,49,,Region,2013,1913,92,269,416,1,4.6,4.5,49
Tony Parsons,Tony Parsons,Ebook,"Man ​and Boy, или История с продолжением",Romford,United Kingdom,United Kingdom,United Kingdom,UK,Man and Boy,No,Male,Russian,49,,Region,2016,1953,80,270,344,1,4,4,49
V. E. Schwab,V. E. Schwab,Ebook,Egy sötétebb mágia,,USA,USA,USA,USA,A Darker Shade of Magic,No,Female,Hungarian,49,,Region,2018,1987,87,271,446,1,4.35,4.5,49
Viktor Kubiszyn,Viktor Kubiszyn,Book,Drognapló,Miskolc,Hungary,Hungary,Hungary,Hungary,-,No,Male,Hungarian,49,,Region,2017,1979,87,272,327,1,4.35,4,49
Viktor Pelevin,Viktor Pelevin,Book,Generation ​P,Moszkva,Russia,Russia,Russia,Europe other,Generation ​P,No,Male,Hungarian,49,,Region,2016,1962,83,273,384,1,4.15,3,49
Virginia Woolf,Virginia Woolf,Book,Mrs. Dalloway,London,United Kingdom,United Kingdom,United Kingdom,UK,Mrs. Dalloway,No,Female,Hungarian,49,,Region,2011,1882,83,274,264,1,4.15,3,49
Vladimir Nabokov,Vladimir Nabokov,Book,Lolita,Saint Petersburg,Russia,Russia,Russia,Europe other,Lolita,Yes,Male,Hungarian,49,,Region,2013,1899,84,275,424,1,4.2,5,49
William Faulkner,William Faulkner,Ebook,Míg fekszem kiterítve,New Albany,USA,USA,USA,USA,As I Lay Dying,No,Male,Hungarian,49,Mississippi,Region,2016,1897,87,276,368,1,4.35,4.5,49
William Golding,William Golding,Book,A Legyek Ura,Newquay,United Kingdom,United Kingdom,United Kingdom,UK,Lord of Flies,No,Male,Hungarian,49,,Region,2010,1911,84,277,238,1,4.2,4,49
William Somerset Maugham,William Somerset Maugham,Book,Színház,Paris,France,France,France,France,Theartre,No,Male,Hungarian,49,,Region,2012,1874,90,278,294,1,4.5,4.5,49
William Somerset Maugham,William Somerset Maugham,Book,Örök Szolgaság,Paris,France,France,France,France,Of Human Bondage,Yes,Male,Hungarian,49,,Region,2017,1874,93,279,686,1,4.65,5,49
Woody Allen,Woody Allen,Book,Annie Hall,New York,USA,USA,USA,USA,Annie Hall,No,Male,Hungarian,49,New York,Region,2010,1935,93,280,232,1,4.65,5,49
Yann Martel,Yann Martel,Book,Pi élete,Salamanca,Spain,Spain,Spain,Europe other,Life of Pi,No,Male,Hungarian,49,,Region,2012,1963,87,281,400,1,4.35,5,49
Zadie Smith,Zadie Smith,Book,NW,London,United Kingdom,United Kingdom,United Kingdom,UK,NW,No,Female,Hungarian,49,,Region,2017,1975,81,282,376,1,4.05,3.5,49
Zsófi Kemény,Zsófi Kemény,Ebook,Nyílt láng használta,Budapest,Hungary,Hungary,Hungary,Hungary,-,No,Female,Hungarian,49,,Region,2017,1994,68,283,82,1,3.4,4,49
Zsófia Bíró,Zsófia Bíró,Ebook,A boldog hentes felesége,,Hungary,Hungary,Hungary,Hungary,-,No,Female,Hungarian,49,,Region,2017,,86,284,176,1,4.3,4,49
